parameterization_id,iteration_number,sim_id,likelihood,ARTLinkMax,ARTLinkMid,BaseInfectivity,Homa_BayInfrmlCondomsMax,Homa_BayLOWRisk,Homa_BayTrnsCondomsMax,InfmrlFormRate,InfrmlCondomMid,InfrmlCondomRate,InfrmlCondomsMax,InfrmlDurHet,KisiiInfrmlCondomsMax,KisiiLOWRisk,KisiiTrnsCondomsMax,KisumuInfrmlCondomsMax,KisumuLOWRisk,KisumuTrnsCondomsMax,MaleToFemaleOld,MaleToFemaleYoung,MaxInfrmlFLOW,MaxInfrmlFMED,MaxInfrmlMLOW,MaxInfrmlMMED,MaxMrtlFMED,MaxMrtlMMED,MaxTrnsFLOW,MaxTrnsFMED,MaxTrnsMLOW,MaxTrnsMMED,MigoriInfrmlCondomsMax,MigoriLOWRisk,MigoriTrnsCondomsMax,MrtlCondomMax,MrtlCondomMid,MrtlCondomRate,MrtlFormRate,NyamiraInfrmlCondomsMax,NyamiraLOWRisk,NyamiraTrnsCondomsMax,PrExInfrmlFemLOW,PrExInfrmlFemMED,PrExInfrmlMaleLOW,PrExInfrmlMaleMED,PrExTrnsFemLOW,PrExTrnsFemMED,PrExTrnsMaleLOW,PrExTrnsMaleMED,PreARTLinkMax,PreARTLinkMid,PreARTLinkMin,RiskAssortivity,SeedYrHigh,SexualDebutAgeFemaleWeibullHeterogeneity,SexualDebutAgeFemaleWeibullScale,SexualDebutAgeMaleWeibullHeterogeneity,SexualDebutAgeMaleWeibullScale,SiayaInfrmlCondomsMax,SiayaLOWRisk,SiayaTrnsCondomsMax,TrnsCondomMax,TrnsCondomMid,TrnsCondomRate,TrnsFormRate,run_number
1,-1,b5eaab9c-f1dc-e811-a2bd-c4346bcb1555,4.46e+42,1.0,2002.9197809999998,0.0013408479999999997,0.22976925199999998,0.556994003,0.233762251,0.000139021,1998.6349309999998,1.746406779,0.21723151,0.75,0.22714524,0.934647931,0.369377899,0.180971429,0.764163028,0.346957998,1.4001189090000001,1.1488396859999999,1.240136561,2.487901752,1.161350995,2.7345726360000002,1.1355047679999999,1.3103927229999999,1.618856619,3.0,1.701438225,2.95126572,0.186705492,0.797272242,0.257054452,0.191459634,1995.6722309999998,2.047109945,5.479999999999999e-05,0.09289659300000001,0.899365277,0.30442089899999997,0.36389942299999994,0.407351476,0.23337449100000002,0.379548192,0.032665899,0.467991823,0.32760644,0.6094700270000001,0.735024259,2002.520249,0.415775648,0.6388365420000001,1982,0.085911979,16.03553126,0.04,16.08972574,0.1605249,0.726122395,0.305903644,0.245522669,1997.9595170000002,1.804323307,0.001363426,42397
2,-1,333f4500-f9dc-e811-a2bd-c4346bcb1555,4.46e+42,1.0,2002.9197809999998,0.0013408479999999997,0.22976925199999998,0.556994003,0.233762251,0.000139021,1998.6349309999998,1.746406779,0.21723151,0.75,0.22714524,0.934647931,0.369377899,0.180971429,0.764163028,0.346957998,1.4001189090000001,1.1488396859999999,1.240136561,2.487901752,1.161350995,2.7345726360000002,1.1355047679999999,1.3103927229999999,1.618856619,3.0,1.701438225,2.95126572,0.186705492,0.797272242,0.257054452,0.191459634,1995.6722309999998,2.047109945,5.479999999999999e-05,0.09289659300000001,0.899365277,0.30442089899999997,0.36389942299999994,0.407351476,0.23337449100000002,0.379548192,0.032665899,0.467991823,0.32760644,0.6094700270000001,0.735024259,2002.520249,0.415775648,0.6388365420000001,1982,0.085911979,16.03553126,0.04,16.08972574,0.1605249,0.726122395,0.305903644,0.245522669,1997.9595170000002,1.804323307,0.001363426,46673
3,-1,09aa5c40-f5dc-e811-a2bd-c4346bcb1555,4.46e+42,1.0,2002.9197809999998,0.0013408479999999997,0.22976925199999998,0.556994003,0.233762251,0.000139021,1998.6349309999998,1.746406779,0.21723151,0.75,0.22714524,0.934647931,0.369377899,0.180971429,0.764163028,0.346957998,1.4001189090000001,1.1488396859999999,1.240136561,2.487901752,1.161350995,2.7345726360000002,1.1355047679999999,1.3103927229999999,1.618856619,3.0,1.701438225,2.95126572,0.186705492,0.797272242,0.257054452,0.191459634,1995.6722309999998,2.047109945,5.479999999999999e-05,0.09289659300000001,0.899365277,0.30442089899999997,0.36389942299999994,0.407351476,0.23337449100000002,0.379548192,0.032665899,0.467991823,0.32760644,0.6094700270000001,0.735024259,2002.520249,0.415775648,0.6388365420000001,1982,0.085911979,16.03553126,0.04,16.08972574,0.1605249,0.726122395,0.305903644,0.245522669,1997.9595170000002,1.804323307,0.001363426,51246
4,-1,9eeaab9c-f1dc-e811-a2bd-c4346bcb1555,4.3600000000000004e+42,1.0,2003.0166969999998,0.001357546,0.231586276,0.56617474,0.225320665,9.13e-05,1998.2275,1.7655380280000001,0.233447827,0.75,0.19507451899999997,0.9389903490000001,0.37518739700000003,0.192646725,0.764214313,0.34518386100000004,1.4774035580000002,1.218907389,1.251661635,2.546654377,1.119205582,2.7127146580000003,1.103149724,1.335605895,1.6403033809999998,3.0,1.674534913,3.0,0.213775825,0.787823831,0.255069681,0.195038612,1995.223226,2.150820123,6.27e-05,0.106715296,0.9293831779999999,0.32446461,0.353528916,0.394008901,0.237799066,0.390111927,0.038739333,0.467185909,0.306009785,0.644301123,0.7248126909999999,2003.1148210000001,0.35440147299999997,0.661040816,1982,0.087053625,15.95861836,0.049921303,16.09527776,0.146329994,0.745320158,0.335782686,0.25572062,1997.812238,1.859494015,0.0013806670000000001,54292
5,-1,afddbf1f-f9dc-e811-a2bd-c4346bcb1555,4.3600000000000004e+42,1.0,2003.0166969999998,0.001357546,0.231586276,0.56617474,0.225320665,9.13e-05,1998.2275,1.7655380280000001,0.233447827,0.75,0.19507451899999997,0.9389903490000001,0.37518739700000003,0.192646725,0.764214313,0.34518386100000004,1.4774035580000002,1.218907389,1.251661635,2.546654377,1.119205582,2.7127146580000003,1.103149724,1.335605895,1.6403033809999998,3.0,1.674534913,3.0,0.213775825,0.787823831,0.255069681,0.195038612,1995.223226,2.150820123,6.27e-05,0.106715296,0.9293831779999999,0.32446461,0.353528916,0.394008901,0.237799066,0.390111927,0.038739333,0.467185909,0.306009785,0.644301123,0.7248126909999999,2003.1148210000001,0.35440147299999997,0.661040816,1982,0.087053625,15.95861836,0.049921303,16.09527776,0.146329994,0.745320158,0.335782686,0.25572062,1997.812238,1.859494015,0.0013806670000000001,29951
6,-1,73d415a5-f5dc-e811-a2bd-c4346bcb1555,4.3600000000000004e+42,1.0,2003.0166969999998,0.001357546,0.231586276,0.56617474,0.225320665,9.13e-05,1998.2275,1.7655380280000001,0.233447827,0.75,0.19507451899999997,0.9389903490000001,0.37518739700000003,0.192646725,0.764214313,0.34518386100000004,1.4774035580000002,1.218907389,1.251661635,2.546654377,1.119205582,2.7127146580000003,1.103149724,1.335605895,1.6403033809999998,3.0,1.674534913,3.0,0.213775825,0.787823831,0.255069681,0.195038612,1995.223226,2.150820123,6.27e-05,0.106715296,0.9293831779999999,0.32446461,0.353528916,0.394008901,0.237799066,0.390111927,0.038739333,0.467185909,0.306009785,0.644301123,0.7248126909999999,2003.1148210000001,0.35440147299999997,0.661040816,1982,0.087053625,15.95861836,0.049921303,16.09527776,0.146329994,0.745320158,0.335782686,0.25572062,1997.812238,1.859494015,0.0013806670000000001,3611
7,-1,dcb169fc-f0dc-e811-a2bd-c4346bcb1555,4.3600000000000004e+42,1.0,2002.7546329999998,0.001308431,0.24038467600000002,0.570587455,0.21777139,9.13e-05,1997.948608,1.8152223580000002,0.219895206,0.75,0.23589736600000002,0.947987402,0.35936326700000004,0.151289767,0.7662719720000001,0.32739684399999996,1.6053983809999999,1.1751389209999998,1.224773082,2.613019273,1.078378278,2.787331087,1.12772081,1.291166885,1.689176377,2.931875497,1.710058202,2.932634326,0.196113525,0.7760890770000001,0.265426096,0.189964281,1995.786909,2.059363953,5.479999999999999e-05,0.106109584,0.912046558,0.295994898,0.350768849,0.38637311799999996,0.24518016899999998,0.40498084,0.038485864,0.47385610899999997,0.333212033,0.6399349529999999,0.736202672,2002.208766,0.37021708700000006,0.612515475,1982,0.080016651,16.11212293,0.04,15.980077,0.13921266,0.735968925,0.30698637,0.28184653,1998.0524100000002,1.883694837,0.00144205,38357
8,-1,09bd327d-f8dc-e811-a2bd-c4346bcb1555,4.3600000000000004e+42,1.0,2002.7546329999998,0.001308431,0.24038467600000002,0.570587455,0.21777139,9.13e-05,1997.948608,1.8152223580000002,0.219895206,0.75,0.23589736600000002,0.947987402,0.35936326700000004,0.151289767,0.7662719720000001,0.32739684399999996,1.6053983809999999,1.1751389209999998,1.224773082,2.613019273,1.078378278,2.787331087,1.12772081,1.291166885,1.689176377,2.931875497,1.710058202,2.932634326,0.196113525,0.7760890770000001,0.265426096,0.189964281,1995.786909,2.059363953,5.479999999999999e-05,0.106109584,0.912046558,0.295994898,0.350768849,0.38637311799999996,0.24518016899999998,0.40498084,0.038485864,0.47385610899999997,0.333212033,0.6399349529999999,0.736202672,2002.208766,0.37021708700000006,0.612515475,1982,0.080016651,16.11212293,0.04,15.980077,0.13921266,0.735968925,0.30698637,0.28184653,1998.0524100000002,1.883694837,0.00144205,37840
9,-1,d093b456-f4dc-e811-a2bd-c4346bcb1555,4.3600000000000004e+42,1.0,2002.7546329999998,0.001308431,0.24038467600000002,0.570587455,0.21777139,9.13e-05,1997.948608,1.8152223580000002,0.219895206,0.75,0.23589736600000002,0.947987402,0.35936326700000004,0.151289767,0.7662719720000001,0.32739684399999996,1.6053983809999999,1.1751389209999998,1.224773082,2.613019273,1.078378278,2.787331087,1.12772081,1.291166885,1.689176377,2.931875497,1.710058202,2.932634326,0.196113525,0.7760890770000001,0.265426096,0.189964281,1995.786909,2.059363953,5.479999999999999e-05,0.106109584,0.912046558,0.295994898,0.350768849,0.38637311799999996,0.24518016899999998,0.40498084,0.038485864,0.47385610899999997,0.333212033,0.6399349529999999,0.736202672,2002.208766,0.37021708700000006,0.612515475,1982,0.080016651,16.11212293,0.04,15.980077,0.13921266,0.735968925,0.30698637,0.28184653,1998.0524100000002,1.883694837,0.00144205,33011
10,-1,7ac315f0-31dc-e811-a2bd-c4346bcb1555,4.32e+42,1.0,2003.230879,0.00134161,0.22639906,0.568829974,0.241724422,9.13e-05,1998.426136,1.764549689,0.22724066,0.75,0.218878711,0.945567996,0.357425831,0.182088716,0.7621374470000001,0.35054881600000004,1.542704689,1.220598737,1.229852183,2.512625701,1.1095384990000001,2.764839293,1.116439331,1.315002647,1.662593042,2.9849887710000003,1.708121425,3.0,0.19913009199999998,0.784181018,0.260225673,0.18869277399999998,1995.8151899999998,2.12146665,5.629999999999999e-05,0.108397723,0.9350721470000001,0.299335426,0.354299886,0.394674184,0.255029675,0.40735546899999997,0.033636743999999996,0.45960920299999997,0.318203422,0.6333497929999999,0.72413144,2002.829988,0.40174497200000003,0.659565139,1982,0.08528780400000001,16.01150268,0.040159194,16.04291722,0.14574211199999998,0.7233836690000001,0.326571965,0.270541945,1997.8695519999999,1.9216853319999998,0.00139006,611
11,-1,d6b6ba6b-3adc-e811-a2bd-c4346bcb1555,4.32e+42,1.0,2003.230879,0.00134161,0.22639906,0.568829974,0.241724422,9.13e-05,1998.426136,1.764549689,0.22724066,0.75,0.218878711,0.945567996,0.357425831,0.182088716,0.7621374470000001,0.35054881600000004,1.542704689,1.220598737,1.229852183,2.512625701,1.1095384990000001,2.764839293,1.116439331,1.315002647,1.662593042,2.9849887710000003,1.708121425,3.0,0.19913009199999998,0.784181018,0.260225673,0.18869277399999998,1995.8151899999998,2.12146665,5.629999999999999e-05,0.108397723,0.9350721470000001,0.299335426,0.354299886,0.394674184,0.255029675,0.40735546899999997,0.033636743999999996,0.45960920299999997,0.318203422,0.6333497929999999,0.72413144,2002.829988,0.40174497200000003,0.659565139,1982,0.08528780400000001,16.01150268,0.040159194,16.04291722,0.14574211199999998,0.7233836690000001,0.326571965,0.270541945,1997.8695519999999,1.9216853319999998,0.00139006,40707
12,-1,f660cee9-35dc-e811-a2bd-c4346bcb1555,4.32e+42,1.0,2003.230879,0.00134161,0.22639906,0.568829974,0.241724422,9.13e-05,1998.426136,1.764549689,0.22724066,0.75,0.218878711,0.945567996,0.357425831,0.182088716,0.7621374470000001,0.35054881600000004,1.542704689,1.220598737,1.229852183,2.512625701,1.1095384990000001,2.764839293,1.116439331,1.315002647,1.662593042,2.9849887710000003,1.708121425,3.0,0.19913009199999998,0.784181018,0.260225673,0.18869277399999998,1995.8151899999998,2.12146665,5.629999999999999e-05,0.108397723,0.9350721470000001,0.299335426,0.354299886,0.394674184,0.255029675,0.40735546899999997,0.033636743999999996,0.45960920299999997,0.318203422,0.6333497929999999,0.72413144,2002.829988,0.40174497200000003,0.659565139,1982,0.08528780400000001,16.01150268,0.040159194,16.04291722,0.14574211199999998,0.7233836690000001,0.326571965,0.270541945,1997.8695519999999,1.9216853319999998,0.00139006,2166
13,-1,b67c830e-f0dc-e811-a2bd-c4346bcb1555,4.3000000000000004e+42,1.0,2003.230879,0.00134161,0.22639906,0.568829974,0.241724422,9.13e-05,1998.426136,1.764549689,0.22724066,0.75,0.218878711,0.945567996,0.357425831,0.182088716,0.7621374470000001,0.35054881600000004,1.542704689,1.220598737,1.229852183,2.512625701,1.1095384990000001,2.764839293,1.116439331,1.315002647,1.662593042,2.9849887710000003,1.708121425,3.0,0.19913009199999998,0.784181018,0.260225673,0.18869277399999998,1995.8151899999998,2.12146665,5.629999999999999e-05,0.108397723,0.9350721470000001,0.299335426,0.354299886,0.394674184,0.255029675,0.40735546899999997,0.033636743999999996,0.45960920299999997,0.318203422,0.6333497929999999,0.72413144,2002.829988,0.40174497200000003,0.659565139,1982,0.08528780400000001,16.01150268,0.040159194,16.04291722,0.14574211199999998,0.7233836690000001,0.326571965,0.270541945,1997.8695519999999,1.9216853319999998,0.00139006,16463
14,-1,b42b97a9-f7dc-e811-a2bd-c4346bcb1555,4.3000000000000004e+42,1.0,2003.230879,0.00134161,0.22639906,0.568829974,0.241724422,9.13e-05,1998.426136,1.764549689,0.22724066,0.75,0.218878711,0.945567996,0.357425831,0.182088716,0.7621374470000001,0.35054881600000004,1.542704689,1.220598737,1.229852183,2.512625701,1.1095384990000001,2.764839293,1.116439331,1.315002647,1.662593042,2.9849887710000003,1.708121425,3.0,0.19913009199999998,0.784181018,0.260225673,0.18869277399999998,1995.8151899999998,2.12146665,5.629999999999999e-05,0.108397723,0.9350721470000001,0.299335426,0.354299886,0.394674184,0.255029675,0.40735546899999997,0.033636743999999996,0.45960920299999997,0.318203422,0.6333497929999999,0.72413144,2002.829988,0.40174497200000003,0.659565139,1982,0.08528780400000001,16.01150268,0.040159194,16.04291722,0.14574211199999998,0.7233836690000001,0.326571965,0.270541945,1997.8695519999999,1.9216853319999998,0.00139006,40391
15,-1,7986a3a2-f3dc-e811-a2bd-c4346bcb1555,4.3000000000000004e+42,1.0,2003.230879,0.00134161,0.22639906,0.568829974,0.241724422,9.13e-05,1998.426136,1.764549689,0.22724066,0.75,0.218878711,0.945567996,0.357425831,0.182088716,0.7621374470000001,0.35054881600000004,1.542704689,1.220598737,1.229852183,2.512625701,1.1095384990000001,2.764839293,1.116439331,1.315002647,1.662593042,2.9849887710000003,1.708121425,3.0,0.19913009199999998,0.784181018,0.260225673,0.18869277399999998,1995.8151899999998,2.12146665,5.629999999999999e-05,0.108397723,0.9350721470000001,0.299335426,0.354299886,0.394674184,0.255029675,0.40735546899999997,0.033636743999999996,0.45960920299999997,0.318203422,0.6333497929999999,0.72413144,2002.829988,0.40174497200000003,0.659565139,1982,0.08528780400000001,16.01150268,0.040159194,16.04291722,0.14574211199999998,0.7233836690000001,0.326571965,0.270541945,1997.8695519999999,1.9216853319999998,0.00139006,2715
16,-1,c8b169fc-f0dc-e811-a2bd-c4346bcb1555,4.28e+42,0.993434659,2003.218264,0.0013977579999999998,0.210839853,0.587122834,0.243127293,0.000102313,1998.0731670000002,1.807992509,0.21433743800000002,0.75,0.20065048300000002,0.95,0.37028306200000005,0.196998603,0.7759922909999999,0.35893937,1.534870804,1.4268166430000002,1.245015756,2.479053236,1.12171565,2.805485995,1.149225723,1.2869205129999999,1.692981474,3.0,1.6883792659999999,3.0,0.19069087,0.781935442,0.250286926,0.189834955,1995.6099629999999,2.243569337,6.330000000000001e-05,0.099776553,0.9169547640000001,0.314487107,0.356978485,0.405656697,0.265390576,0.41253776200000003,0.033395821,0.454306155,0.311093122,0.631402111,0.737749817,2003.119389,0.385424506,0.6656041629999999,1982,0.076794069,16.20597226,0.04,15.99964235,0.151878094,0.734101695,0.345940805,0.264802936,1997.477752,1.8114238999999999,0.001232823,13796
17,-1,2bccb8be-f8dc-e811-a2bd-c4346bcb1555,4.28e+42,0.993434659,2003.218264,0.0013977579999999998,0.210839853,0.587122834,0.243127293,0.000102313,1998.0731670000002,1.807992509,0.21433743800000002,0.75,0.20065048300000002,0.95,0.37028306200000005,0.196998603,0.7759922909999999,0.35893937,1.534870804,1.4268166430000002,1.245015756,2.479053236,1.12171565,2.805485995,1.149225723,1.2869205129999999,1.692981474,3.0,1.6883792659999999,3.0,0.19069087,0.781935442,0.250286926,0.189834955,1995.6099629999999,2.243569337,6.330000000000001e-05,0.099776553,0.9169547640000001,0.314487107,0.356978485,0.405656697,0.265390576,0.41253776200000003,0.033395821,0.454306155,0.311093122,0.631402111,0.737749817,2003.119389,0.385424506,0.6656041629999999,1982,0.076794069,16.20597226,0.04,15.99964235,0.151878094,0.734101695,0.345940805,0.264802936,1997.477752,1.8114238999999999,0.001232823,55306
18,-1,ceab87e1-f4dc-e811-a2bd-c4346bcb1555,4.28e+42,0.993434659,2003.218264,0.0013977579999999998,0.210839853,0.587122834,0.243127293,0.000102313,1998.0731670000002,1.807992509,0.21433743800000002,0.75,0.20065048300000002,0.95,0.37028306200000005,0.196998603,0.7759922909999999,0.35893937,1.534870804,1.4268166430000002,1.245015756,2.479053236,1.12171565,2.805485995,1.149225723,1.2869205129999999,1.692981474,3.0,1.6883792659999999,3.0,0.19069087,0.781935442,0.250286926,0.189834955,1995.6099629999999,2.243569337,6.330000000000001e-05,0.099776553,0.9169547640000001,0.314487107,0.356978485,0.405656697,0.265390576,0.41253776200000003,0.033395821,0.454306155,0.311093122,0.631402111,0.737749817,2003.119389,0.385424506,0.6656041629999999,1982,0.076794069,16.20597226,0.04,15.99964235,0.151878094,0.734101695,0.345940805,0.264802936,1997.477752,1.8114238999999999,0.001232823,30748
19,-1,21190b43-f1dc-e811-a2bd-c4346bcb1555,4.25e+42,1.0,2003.2733640000001,0.001381642,0.217854682,0.575052565,0.24730176399999998,0.000150075,1999.2272050000001,1.8232596319999999,0.240100247,0.75,0.214077144,0.9412059070000001,0.34906444,0.170715052,0.75670071,0.344776552,1.404052021,1.029867209,1.268191647,2.607826684,1.081004215,2.764846298,1.080174709,1.27853705,1.69313817,2.9525780339999996,1.724069921,2.912112865,0.19907328,0.769961363,0.263788263,0.203925169,1995.870284,1.995692843,5.98e-05,0.101125718,0.935021765,0.283814199,0.3583078,0.406353235,0.23966007,0.37257525799999996,0.042724329000000005,0.424729817,0.32937765199999997,0.621703467,0.7005896420000001,2002.8184190000002,0.35846804600000004,0.662694996,1982,0.092519904,16.0845156,0.04,16.31225134,0.157994463,0.717235265,0.341498464,0.26234133,1997.583155,1.9399148869999998,0.0013448420000000002,30552
20,-1,a92c929b-f8dc-e811-a2bd-c4346bcb1555,4.25e+42,1.0,2003.2733640000001,0.001381642,0.217854682,0.575052565,0.24730176399999998,0.000150075,1999.2272050000001,1.8232596319999999,0.240100247,0.75,0.214077144,0.9412059070000001,0.34906444,0.170715052,0.75670071,0.344776552,1.404052021,1.029867209,1.268191647,2.607826684,1.081004215,2.764846298,1.080174709,1.27853705,1.69313817,2.9525780339999996,1.724069921,2.912112865,0.19907328,0.769961363,0.263788263,0.203925169,1995.870284,1.995692843,5.98e-05,0.101125718,0.935021765,0.283814199,0.3583078,0.406353235,0.23966007,0.37257525799999996,0.042724329000000005,0.424729817,0.32937765199999997,0.621703467,0.7005896420000001,2002.8184190000002,0.35846804600000004,0.662694996,1982,0.092519904,16.0845156,0.04,16.31225134,0.157994463,0.717235265,0.341498464,0.26234133,1997.583155,1.9399148869999998,0.0013448420000000002,28729
21,-1,021cde31-f5dc-e811-a2bd-c4346bcb1555,4.25e+42,1.0,2003.2733640000001,0.001381642,0.217854682,0.575052565,0.24730176399999998,0.000150075,1999.2272050000001,1.8232596319999999,0.240100247,0.75,0.214077144,0.9412059070000001,0.34906444,0.170715052,0.75670071,0.344776552,1.404052021,1.029867209,1.268191647,2.607826684,1.081004215,2.764846298,1.080174709,1.27853705,1.69313817,2.9525780339999996,1.724069921,2.912112865,0.19907328,0.769961363,0.263788263,0.203925169,1995.870284,1.995692843,5.98e-05,0.101125718,0.935021765,0.283814199,0.3583078,0.406353235,0.23966007,0.37257525799999996,0.042724329000000005,0.424729817,0.32937765199999997,0.621703467,0.7005896420000001,2002.8184190000002,0.35846804600000004,0.662694996,1982,0.092519904,16.0845156,0.04,16.31225134,0.157994463,0.717235265,0.341498464,0.26234133,1997.583155,1.9399148869999998,0.0013448420000000002,42202
22,-1,e3bab2f3-f2dc-e811-a2bd-c4346bcb1555,4.25e+42,0.9957980240000001,2003.017204,0.0013140229999999999,0.22617751100000003,0.563589702,0.23615068,9.18e-05,1998.887195,1.7038143069999998,0.21909706399999998,0.75,0.220678312,0.95,0.33996746899999997,0.19526969800000002,0.760064492,0.338165499,1.734363483,1.086663282,1.22049776,2.542969796,1.107028218,2.761994458,1.162009622,1.3611381340000002,1.639826644,3.0,1.771307109,3.0,0.211144642,0.779153588,0.249570541,0.18561918100000002,1996.0241649999998,2.10722304,6.28e-05,0.117239796,0.9199477140000001,0.29818438,0.373394216,0.384518462,0.272159341,0.411325405,0.03258082,0.489436408,0.315424191,0.646380936,0.7069955109999999,2003.213842,0.377650483,0.670001416,1982,0.099267471,16.0047049,0.043711942000000004,15.89156893,0.150297306,0.7173920229999999,0.340362705,0.279583664,1998.011439,1.8561681069999998,0.001327644,59763
23,-1,391fc81c-fadc-e811-a2bd-c4346bcb1555,4.25e+42,0.9957980240000001,2003.017204,0.0013140229999999999,0.22617751100000003,0.563589702,0.23615068,9.18e-05,1998.887195,1.7038143069999998,0.21909706399999998,0.75,0.220678312,0.95,0.33996746899999997,0.19526969800000002,0.760064492,0.338165499,1.734363483,1.086663282,1.22049776,2.542969796,1.107028218,2.761994458,1.162009622,1.3611381340000002,1.639826644,3.0,1.771307109,3.0,0.211144642,0.779153588,0.249570541,0.18561918100000002,1996.0241649999998,2.10722304,6.28e-05,0.117239796,0.9199477140000001,0.29818438,0.373394216,0.384518462,0.272159341,0.411325405,0.03258082,0.489436408,0.315424191,0.646380936,0.7069955109999999,2003.213842,0.377650483,0.670001416,1982,0.099267471,16.0047049,0.043711942000000004,15.89156893,0.150297306,0.7173920229999999,0.340362705,0.279583664,1998.011439,1.8561681069999998,0.001327644,9296
24,-1,f569a5fb-f6dc-e811-a2bd-c4346bcb1555,4.25e+42,0.9957980240000001,2003.017204,0.0013140229999999999,0.22617751100000003,0.563589702,0.23615068,9.18e-05,1998.887195,1.7038143069999998,0.21909706399999998,0.75,0.220678312,0.95,0.33996746899999997,0.19526969800000002,0.760064492,0.338165499,1.734363483,1.086663282,1.22049776,2.542969796,1.107028218,2.761994458,1.162009622,1.3611381340000002,1.639826644,3.0,1.771307109,3.0,0.211144642,0.779153588,0.249570541,0.18561918100000002,1996.0241649999998,2.10722304,6.28e-05,0.117239796,0.9199477140000001,0.29818438,0.373394216,0.384518462,0.272159341,0.411325405,0.03258082,0.489436408,0.315424191,0.646380936,0.7069955109999999,2003.213842,0.377650483,0.670001416,1982,0.099267471,16.0047049,0.043711942000000004,15.89156893,0.150297306,0.7173920229999999,0.340362705,0.279583664,1998.011439,1.8561681069999998,0.001327644,23432
25,-1,92c9c576-f2dc-e811-a2bd-c4346bcb1555,4.2400000000000004e+42,1.0,2003.0307440000001,0.001328056,0.224907754,0.561736346,0.242765445,0.00010746200000000001,1997.676416,1.8757372559999999,0.22433244600000002,0.75,0.22423410300000002,0.9431618409999999,0.359487634,0.17464998199999998,0.759441905,0.35276388299999994,1.5571776240000001,1.3717316240000001,1.2367225929999999,2.4305517269999997,1.1056838820000001,2.873226313,1.129567565,1.298654081,1.658817115,2.9291937939999997,1.6681651780000002,2.961459024,0.20359308,0.7915262190000001,0.283775754,0.20376855800000002,1995.8143969999999,2.071308735,5.94e-05,0.110545724,0.9320092059999999,0.28774826800000003,0.347041576,0.393618367,0.242523562,0.414697215,0.039611888,0.43502848299999997,0.298971682,0.662368568,0.705037583,2002.0445399999999,0.447002487,0.667955311,1982,0.091661823,16.22607033,0.04,15.95678172,0.151456963,0.715883718,0.34902471700000004,0.272559255,1997.7910969999998,1.995803831,0.0013484520000000002,730
26,-1,2edd527f-f9dc-e811-a2bd-c4346bcb1555,4.2400000000000004e+42,1.0,2003.0307440000001,0.001328056,0.224907754,0.561736346,0.242765445,0.00010746200000000001,1997.676416,1.8757372559999999,0.22433244600000002,0.75,0.22423410300000002,0.9431618409999999,0.359487634,0.17464998199999998,0.759441905,0.35276388299999994,1.5571776240000001,1.3717316240000001,1.2367225929999999,2.4305517269999997,1.1056838820000001,2.873226313,1.129567565,1.298654081,1.658817115,2.9291937939999997,1.6681651780000002,2.961459024,0.20359308,0.7915262190000001,0.283775754,0.20376855800000002,1995.8143969999999,2.071308735,5.94e-05,0.110545724,0.9320092059999999,0.28774826800000003,0.347041576,0.393618367,0.242523562,0.414697215,0.039611888,0.43502848299999997,0.298971682,0.662368568,0.705037583,2002.0445399999999,0.447002487,0.667955311,1982,0.091661823,16.22607033,0.04,15.95678172,0.151456963,0.715883718,0.34902471700000004,0.272559255,1997.7910969999998,1.995803831,0.0013484520000000002,26213
27,-1,5c82b107-f6dc-e811-a2bd-c4346bcb1555,4.2400000000000004e+42,1.0,2003.0307440000001,0.001328056,0.224907754,0.561736346,0.242765445,0.00010746200000000001,1997.676416,1.8757372559999999,0.22433244600000002,0.75,0.22423410300000002,0.9431618409999999,0.359487634,0.17464998199999998,0.759441905,0.35276388299999994,1.5571776240000001,1.3717316240000001,1.2367225929999999,2.4305517269999997,1.1056838820000001,2.873226313,1.129567565,1.298654081,1.658817115,2.9291937939999997,1.6681651780000002,2.961459024,0.20359308,0.7915262190000001,0.283775754,0.20376855800000002,1995.8143969999999,2.071308735,5.94e-05,0.110545724,0.9320092059999999,0.28774826800000003,0.347041576,0.393618367,0.242523562,0.414697215,0.039611888,0.43502848299999997,0.298971682,0.662368568,0.705037583,2002.0445399999999,0.447002487,0.667955311,1982,0.091661823,16.22607033,0.04,15.95678172,0.151456963,0.715883718,0.34902471700000004,0.272559255,1997.7910969999998,1.995803831,0.0013484520000000002,13224
28,-1,80dd7d5b-f2dc-e811-a2bd-c4346bcb1555,4.2400000000000004e+42,1.0,2003.0745140000001,0.0013454589999999998,0.228464698,0.564459272,0.27764670199999997,0.00011399899999999999,1997.849484,1.72161237,0.24704890300000001,0.75,0.229742582,0.933433683,0.361163446,0.157217912,0.777198677,0.36178712399999996,1.543894794,1.3094943479999999,1.216048582,2.46754172,1.161224309,2.708494879,1.081546266,1.288654496,1.7078966309999999,2.9557877539999997,1.749086462,2.9544165510000004,0.196219581,0.794690805,0.24777453300000002,0.18369265199999998,1996.602487,1.996264267,5.5e-05,0.094467766,0.9450926759999999,0.300914938,0.352620305,0.40474005399999996,0.247081737,0.41922211,0.038127055,0.45548414600000003,0.297717775,0.621757469,0.837986259,2003.21162,0.406785734,0.6909958009999999,1982,0.07881756200000001,15.89087238,0.04,15.92368093,0.158963412,0.722343703,0.314196827,0.275831351,1997.767365,1.992578879,0.001397284,31016
29,-1,52b2428c-f9dc-e811-a2bd-c4346bcb1555,4.2400000000000004e+42,1.0,2003.0745140000001,0.0013454589999999998,0.228464698,0.564459272,0.27764670199999997,0.00011399899999999999,1997.849484,1.72161237,0.24704890300000001,0.75,0.229742582,0.933433683,0.361163446,0.157217912,0.777198677,0.36178712399999996,1.543894794,1.3094943479999999,1.216048582,2.46754172,1.161224309,2.708494879,1.081546266,1.288654496,1.7078966309999999,2.9557877539999997,1.749086462,2.9544165510000004,0.196219581,0.794690805,0.24777453300000002,0.18369265199999998,1996.602487,1.996264267,5.5e-05,0.094467766,0.9450926759999999,0.300914938,0.352620305,0.40474005399999996,0.247081737,0.41922211,0.038127055,0.45548414600000003,0.297717775,0.621757469,0.837986259,2003.21162,0.406785734,0.6909958009999999,1982,0.07881756200000001,15.89087238,0.04,15.92368093,0.158963412,0.722343703,0.314196827,0.275831351,1997.767365,1.992578879,0.001397284,18605
30,-1,c169e939-f6dc-e811-a2bd-c4346bcb1555,4.2400000000000004e+42,1.0,2003.0745140000001,0.0013454589999999998,0.228464698,0.564459272,0.27764670199999997,0.00011399899999999999,1997.849484,1.72161237,0.24704890300000001,0.75,0.229742582,0.933433683,0.361163446,0.157217912,0.777198677,0.36178712399999996,1.543894794,1.3094943479999999,1.216048582,2.46754172,1.161224309,2.708494879,1.081546266,1.288654496,1.7078966309999999,2.9557877539999997,1.749086462,2.9544165510000004,0.196219581,0.794690805,0.24777453300000002,0.18369265199999998,1996.602487,1.996264267,5.5e-05,0.094467766,0.9450926759999999,0.300914938,0.352620305,0.40474005399999996,0.247081737,0.41922211,0.038127055,0.45548414600000003,0.297717775,0.621757469,0.837986259,2003.21162,0.406785734,0.6909958009999999,1982,0.07881756200000001,15.89087238,0.04,15.92368093,0.158963412,0.722343703,0.314196827,0.275831351,1997.767365,1.992578879,0.001397284,6275
31,-1,114542b0-b1da-e811-a2bd-c4346bcb1555,4.23e+42,1.0,2003.277739,0.001293532,0.19743455,0.5990826020000001,0.22548489100000002,9.13e-05,1998.1862760000001,1.68800098,0.21942289899999998,0.75,0.207686177,0.95,0.330138369,0.166409579,0.771355421,0.336378919,1.880086816,1.294904755,1.214443914,2.473208969,1.138951133,2.682544195,1.123133653,1.337630592,1.6015543840000002,2.9919208060000004,1.7106126780000002,3.0,0.208821924,0.815763386,0.269506264,0.192294904,1996.1159760000003,2.0371044719999998,5.479999999999999e-05,0.129699935,0.940998012,0.26594250199999997,0.365644274,0.392684044,0.25016229100000004,0.429791081,0.026503513,0.506603928,0.31918537,0.63836058,0.776838076,2002.7330789999999,0.390296738,0.652947222,1982,0.078942674,16.43407922,0.05299148099999999,15.91031282,0.14997511,0.712044537,0.32080914899999996,0.280577175,1997.591943,1.949772799,0.00145528,1322
32,-1,eff4b53d-bbda-e811-a2bd-c4346bcb1555,4.23e+42,1.0,2003.277739,0.001293532,0.19743455,0.5990826020000001,0.22548489100000002,9.13e-05,1998.1862760000001,1.68800098,0.21942289899999998,0.75,0.207686177,0.95,0.330138369,0.166409579,0.771355421,0.336378919,1.880086816,1.294904755,1.214443914,2.473208969,1.138951133,2.682544195,1.123133653,1.337630592,1.6015543840000002,2.9919208060000004,1.7106126780000002,3.0,0.208821924,0.815763386,0.269506264,0.192294904,1996.1159760000003,2.0371044719999998,5.479999999999999e-05,0.129699935,0.940998012,0.26594250199999997,0.365644274,0.392684044,0.25016229100000004,0.429791081,0.026503513,0.506603928,0.31918537,0.63836058,0.776838076,2002.7330789999999,0.390296738,0.652947222,1982,0.078942674,16.43407922,0.05299148099999999,15.91031282,0.14997511,0.712044537,0.32080914899999996,0.280577175,1997.591943,1.949772799,0.00145528,60774
33,-1,1c3e6c8c-b6da-e811-a2bd-c4346bcb1555,4.23e+42,1.0,2003.277739,0.001293532,0.19743455,0.5990826020000001,0.22548489100000002,9.13e-05,1998.1862760000001,1.68800098,0.21942289899999998,0.75,0.207686177,0.95,0.330138369,0.166409579,0.771355421,0.336378919,1.880086816,1.294904755,1.214443914,2.473208969,1.138951133,2.682544195,1.123133653,1.337630592,1.6015543840000002,2.9919208060000004,1.7106126780000002,3.0,0.208821924,0.815763386,0.269506264,0.192294904,1996.1159760000003,2.0371044719999998,5.479999999999999e-05,0.129699935,0.940998012,0.26594250199999997,0.365644274,0.392684044,0.25016229100000004,0.429791081,0.026503513,0.506603928,0.31918537,0.63836058,0.776838076,2002.7330789999999,0.390296738,0.652947222,1982,0.078942674,16.43407922,0.05299148099999999,15.91031282,0.14997511,0.712044537,0.32080914899999996,0.280577175,1997.591943,1.949772799,0.00145528,22410
34,-1,e73d9ec6-30dc-e811-a2bd-c4346bcb1555,4.22e+42,1.0,2002.7939800000001,0.001235309,0.237671877,0.583842167,0.21594402399999998,0.000101784,1998.8832109999998,1.783124947,0.212592539,0.75,0.216621607,0.94002934,0.33738219399999997,0.179110944,0.744356997,0.355560696,1.673565402,1.323505978,1.20547821,2.367084616,1.0796543,2.774580391,1.117763047,1.335386132,1.6059288719999998,2.993042602,1.752001617,3.0,0.202963657,0.776797792,0.29672575,0.188551003,1995.7919969999998,2.188010313,5.88e-05,0.130414229,0.9184073540000001,0.275583519,0.35689770600000004,0.380603384,0.221487792,0.426998249,0.036545812999999996,0.503234039,0.309785734,0.649302271,0.7573669340000001,2003.286768,0.410579824,0.682748259,1982,0.077092488,15.95101669,0.049198171,16.00275103,0.142306841,0.721105728,0.313856713,0.274210762,1997.1294260000002,1.734423756,0.001472301,48144
35,-1,7060096d-35dc-e811-a2bd-c4346bcb1555,4.22e+42,1.0,2002.7939800000001,0.001235309,0.237671877,0.583842167,0.21594402399999998,0.000101784,1998.8832109999998,1.783124947,0.212592539,0.75,0.216621607,0.94002934,0.33738219399999997,0.179110944,0.744356997,0.355560696,1.673565402,1.323505978,1.20547821,2.367084616,1.0796543,2.774580391,1.117763047,1.335386132,1.6059288719999998,2.993042602,1.752001617,3.0,0.202963657,0.776797792,0.29672575,0.188551003,1995.7919969999998,2.188010313,5.88e-05,0.130414229,0.9184073540000001,0.275583519,0.35689770600000004,0.380603384,0.221487792,0.426998249,0.036545812999999996,0.503234039,0.309785734,0.649302271,0.7573669340000001,2003.286768,0.410579824,0.682748259,1982,0.077092488,15.95101669,0.049198171,16.00275103,0.142306841,0.721105728,0.313856713,0.274210762,1997.1294260000002,1.734423756,0.001472301,14037
36,-1,ed969905-3adc-e811-a2bd-c4346bcb1555,4.22e+42,1.0,2002.7939800000001,0.001235309,0.237671877,0.583842167,0.21594402399999998,0.000101784,1998.8832109999998,1.783124947,0.212592539,0.75,0.216621607,0.94002934,0.33738219399999997,0.179110944,0.744356997,0.355560696,1.673565402,1.323505978,1.20547821,2.367084616,1.0796543,2.774580391,1.117763047,1.335386132,1.6059288719999998,2.993042602,1.752001617,3.0,0.202963657,0.776797792,0.29672575,0.188551003,1995.7919969999998,2.188010313,5.88e-05,0.130414229,0.9184073540000001,0.275583519,0.35689770600000004,0.380603384,0.221487792,0.426998249,0.036545812999999996,0.503234039,0.309785734,0.649302271,0.7573669340000001,2003.286768,0.410579824,0.682748259,1982,0.077092488,15.95101669,0.049198171,16.00275103,0.142306841,0.721105728,0.313856713,0.274210762,1997.1294260000002,1.734423756,0.001472301,60297
37,-1,516aa339-71db-e811-a2bd-c4346bcb1555,4.22e+42,1.0,2003.170834,0.0013456979999999998,0.222317307,0.595331327,0.23414268100000002,9.13e-05,1998.780982,1.8164914509999999,0.220402157,0.75,0.219055455,0.95,0.347311496,0.17623298199999998,0.765574225,0.34061580700000005,1.624423045,1.333660162,1.203098171,2.465706421,1.085178933,2.7232841039999998,1.132215178,1.35918265,1.6084346459999999,2.966041882,1.718894365,3.0,0.209317502,0.7908051220000001,0.267762017,0.18458196,1996.215154,2.198721911,5.9999999999999995e-05,0.122309765,0.927278307,0.292751478,0.360822052,0.393629791,0.24053482899999998,0.419539207,0.033499982000000005,0.47255783700000004,0.314510481,0.628210623,0.745725462,2003.076923,0.405452265,0.652006037,1982,0.083061945,16.1307272,0.049157268,15.93890485,0.142629884,0.7203034290000001,0.30905529800000003,0.2707053,1997.5992030000002,1.834000659,0.0014225070000000002,24104
38,-1,162d6aae-74db-e811-a2bd-c4346bcb1555,4.22e+42,1.0,2003.170834,0.0013456979999999998,0.222317307,0.595331327,0.23414268100000002,9.13e-05,1998.780982,1.8164914509999999,0.220402157,0.75,0.219055455,0.95,0.347311496,0.17623298199999998,0.765574225,0.34061580700000005,1.624423045,1.333660162,1.203098171,2.465706421,1.085178933,2.7232841039999998,1.132215178,1.35918265,1.6084346459999999,2.966041882,1.718894365,3.0,0.209317502,0.7908051220000001,0.267762017,0.18458196,1996.215154,2.198721911,5.9999999999999995e-05,0.122309765,0.927278307,0.292751478,0.360822052,0.393629791,0.24053482899999998,0.419539207,0.033499982000000005,0.47255783700000004,0.314510481,0.628210623,0.745725462,2003.076923,0.405452265,0.652006037,1982,0.083061945,16.1307272,0.049157268,15.93890485,0.142629884,0.7203034290000001,0.30905529800000003,0.2707053,1997.5992030000002,1.834000659,0.0014225070000000002,30365
39,-1,2d894c59-6ddb-e811-a2bd-c4346bcb1555,4.22e+42,1.0,2003.170834,0.0013456979999999998,0.222317307,0.595331327,0.23414268100000002,9.13e-05,1998.780982,1.8164914509999999,0.220402157,0.75,0.219055455,0.95,0.347311496,0.17623298199999998,0.765574225,0.34061580700000005,1.624423045,1.333660162,1.203098171,2.465706421,1.085178933,2.7232841039999998,1.132215178,1.35918265,1.6084346459999999,2.966041882,1.718894365,3.0,0.209317502,0.7908051220000001,0.267762017,0.18458196,1996.215154,2.198721911,5.9999999999999995e-05,0.122309765,0.927278307,0.292751478,0.360822052,0.393629791,0.24053482899999998,0.419539207,0.033499982000000005,0.47255783700000004,0.314510481,0.628210623,0.745725462,2003.076923,0.405452265,0.652006037,1982,0.083061945,16.1307272,0.049157268,15.93890485,0.142629884,0.7203034290000001,0.30905529800000003,0.2707053,1997.5992030000002,1.834000659,0.0014225070000000002,10980
40,-1,ca4347b8-35dc-e811-a2bd-c4346bcb1555,4.2100000000000003e+42,1.0,2003.262418,0.0013207120000000001,0.232714157,0.598956842,0.232615438,9.13e-05,1998.6832379999998,1.77374455,0.23098623199999999,0.75,0.23499748399999998,0.940665823,0.340478025,0.17897417100000002,0.78020956,0.33006968,1.6956819459999999,1.124231933,1.208044526,2.4347861930000003,1.07066251,2.7636081480000003,1.1626007329999999,1.3550809330000002,1.63162519,3.0,1.72420173,3.0,0.213351128,0.7845288009999999,0.27363848,0.17232699699999998,1995.962445,2.2729131380000003,6.1e-05,0.127619351,0.9294398509999999,0.294253459,0.343617729,0.381404442,0.249553755,0.41732247200000006,0.020985873999999998,0.476359087,0.30495191,0.624619165,0.72537653,2003.2352640000001,0.423711289,0.66697564,1982,0.09173356099999999,16.20636748,0.045359275,15.96824959,0.141868395,0.7306553140000001,0.307535927,0.261555067,1997.60315,1.6937735980000002,0.001455348,61529
41,-1,47c1b32c-3adc-e811-a2bd-c4346bcb1555,4.2100000000000003e+42,1.0,2003.262418,0.0013207120000000001,0.232714157,0.598956842,0.232615438,9.13e-05,1998.6832379999998,1.77374455,0.23098623199999999,0.75,0.23499748399999998,0.940665823,0.340478025,0.17897417100000002,0.78020956,0.33006968,1.6956819459999999,1.124231933,1.208044526,2.4347861930000003,1.07066251,2.7636081480000003,1.1626007329999999,1.3550809330000002,1.63162519,3.0,1.72420173,3.0,0.213351128,0.7845288009999999,0.27363848,0.17232699699999998,1995.962445,2.2729131380000003,6.1e-05,0.127619351,0.9294398509999999,0.294253459,0.343617729,0.381404442,0.249553755,0.41732247200000006,0.020985873999999998,0.476359087,0.30495191,0.624619165,0.72537653,2003.2352640000001,0.423711289,0.66697564,1982,0.09173356099999999,16.20636748,0.045359275,15.96824959,0.141868395,0.7306553140000001,0.307535927,0.261555067,1997.60315,1.6937735980000002,0.001455348,63329
42,-1,d5de9185-31dc-e811-a2bd-c4346bcb1555,4.2100000000000003e+42,1.0,2003.262418,0.0013207120000000001,0.232714157,0.598956842,0.232615438,9.13e-05,1998.6832379999998,1.77374455,0.23098623199999999,0.75,0.23499748399999998,0.940665823,0.340478025,0.17897417100000002,0.78020956,0.33006968,1.6956819459999999,1.124231933,1.208044526,2.4347861930000003,1.07066251,2.7636081480000003,1.1626007329999999,1.3550809330000002,1.63162519,3.0,1.72420173,3.0,0.213351128,0.7845288009999999,0.27363848,0.17232699699999998,1995.962445,2.2729131380000003,6.1e-05,0.127619351,0.9294398509999999,0.294253459,0.343617729,0.381404442,0.249553755,0.41732247200000006,0.020985873999999998,0.476359087,0.30495191,0.624619165,0.72537653,2003.2352640000001,0.423711289,0.66697564,1982,0.09173356099999999,16.20636748,0.045359275,15.96824959,0.141868395,0.7306553140000001,0.307535927,0.261555067,1997.60315,1.6937735980000002,0.001455348,17072
43,-1,97dd7d5b-f2dc-e811-a2bd-c4346bcb1555,4.2100000000000003e+42,0.9994600859999999,2002.9945059999998,0.001239902,0.220949098,0.55953884,0.270684887,0.00013617,1998.430424,1.7088635680000002,0.23526426399999997,0.75,0.207190905,0.93643518,0.366980156,0.163683796,0.763818587,0.345434952,1.5972061219999998,1.437544615,1.198651731,2.447163458,1.099994649,2.76373339,1.166586605,1.30931572,1.7115977669999998,3.0,1.73456339,3.0,0.214161755,0.7507654009999999,0.242627123,0.17982843699999998,1995.525134,2.061905512,6.1e-05,0.120628314,0.94665717,0.277862578,0.34168332799999995,0.38760538899999997,0.258554408,0.400816744,0.031424897,0.493305494,0.317663537,0.622651753,0.71750727,2002.355799,0.403594629,0.691205686,1982,0.08293162400000001,15.90255944,0.04,15.90516691,0.138773698,0.726208084,0.333099388,0.271952863,1997.693534,1.8419322409999999,0.001435761,57898
44,-1,63090284-f6dc-e811-a2bd-c4346bcb1555,4.2100000000000003e+42,0.9994600859999999,2002.9945059999998,0.001239902,0.220949098,0.55953884,0.270684887,0.00013617,1998.430424,1.7088635680000002,0.23526426399999997,0.75,0.207190905,0.93643518,0.366980156,0.163683796,0.763818587,0.345434952,1.5972061219999998,1.437544615,1.198651731,2.447163458,1.099994649,2.76373339,1.166586605,1.30931572,1.7115977669999998,3.0,1.73456339,3.0,0.214161755,0.7507654009999999,0.242627123,0.17982843699999998,1995.525134,2.061905512,6.1e-05,0.120628314,0.94665717,0.277862578,0.34168332799999995,0.38760538899999997,0.258554408,0.400816744,0.031424897,0.493305494,0.317663537,0.622651753,0.71750727,2002.355799,0.403594629,0.691205686,1982,0.08293162400000001,15.90255944,0.04,15.90516691,0.138773698,0.726208084,0.333099388,0.271952863,1997.693534,1.8419322409999999,0.001435761,19987
45,-1,7fb0dabb-f9dc-e811-a2bd-c4346bcb1555,4.2100000000000003e+42,0.9994600859999999,2002.9945059999998,0.001239902,0.220949098,0.55953884,0.270684887,0.00013617,1998.430424,1.7088635680000002,0.23526426399999997,0.75,0.207190905,0.93643518,0.366980156,0.163683796,0.763818587,0.345434952,1.5972061219999998,1.437544615,1.198651731,2.447163458,1.099994649,2.76373339,1.166586605,1.30931572,1.7115977669999998,3.0,1.73456339,3.0,0.214161755,0.7507654009999999,0.242627123,0.17982843699999998,1995.525134,2.061905512,6.1e-05,0.120628314,0.94665717,0.277862578,0.34168332799999995,0.38760538899999997,0.258554408,0.400816744,0.031424897,0.493305494,0.317663537,0.622651753,0.71750727,2002.355799,0.403594629,0.691205686,1982,0.08293162400000001,15.90255944,0.04,15.90516691,0.138773698,0.726208084,0.333099388,0.271952863,1997.693534,1.8419322409999999,0.001435761,28237
46,-1,c28cb910-f3dc-e811-a2bd-c4346bcb1555,4.2100000000000003e+42,1.0,2003.539991,0.001319462,0.231264302,0.55827901,0.244805579,0.000145797,1998.250674,1.8022206630000002,0.22760845100000002,0.75,0.23298091199999998,0.95,0.373431109,0.184493503,0.7369411640000001,0.34649229600000003,1.629303556,1.324964656,1.217181089,2.565647722,1.113038043,2.7915960319999997,1.118018653,1.291556184,1.664304714,3.0,1.6901613430000002,2.972878927,0.20477333600000003,0.7832790479999999,0.254639214,0.19120809600000002,1995.655818,2.167275768,5.479999999999999e-05,0.112398938,0.9301706559999999,0.317066695,0.35217599,0.407707211,0.278278588,0.421294393,0.041157242999999996,0.455994034,0.318726561,0.627249932,0.737017983,2002.182574,0.392999407,0.7053633,1982,0.078538745,16.05683069,0.044171797,16.06464315,0.147801415,0.7439910609999999,0.323271889,0.285982264,1997.601589,1.892461091,0.001328671,62982
47,-1,cde962ed-f6dc-e811-a2bd-c4346bcb1555,4.2100000000000003e+42,1.0,2003.539991,0.001319462,0.231264302,0.55827901,0.244805579,0.000145797,1998.250674,1.8022206630000002,0.22760845100000002,0.75,0.23298091199999998,0.95,0.373431109,0.184493503,0.7369411640000001,0.34649229600000003,1.629303556,1.324964656,1.217181089,2.565647722,1.113038043,2.7915960319999997,1.118018653,1.291556184,1.664304714,3.0,1.6901613430000002,2.972878927,0.20477333600000003,0.7832790479999999,0.254639214,0.19120809600000002,1995.655818,2.167275768,5.479999999999999e-05,0.112398938,0.9301706559999999,0.317066695,0.35217599,0.407707211,0.278278588,0.421294393,0.041157242999999996,0.455994034,0.318726561,0.627249932,0.737017983,2002.182574,0.392999407,0.7053633,1982,0.078538745,16.05683069,0.044171797,16.06464315,0.147801415,0.7439910609999999,0.323271889,0.285982264,1997.601589,1.892461091,0.001328671,23710
48,-1,205c08fd-f9dc-e811-a2bd-c4346bcb1555,4.2100000000000003e+42,1.0,2003.539991,0.001319462,0.231264302,0.55827901,0.244805579,0.000145797,1998.250674,1.8022206630000002,0.22760845100000002,0.75,0.23298091199999998,0.95,0.373431109,0.184493503,0.7369411640000001,0.34649229600000003,1.629303556,1.324964656,1.217181089,2.565647722,1.113038043,2.7915960319999997,1.118018653,1.291556184,1.664304714,3.0,1.6901613430000002,2.972878927,0.20477333600000003,0.7832790479999999,0.254639214,0.19120809600000002,1995.655818,2.167275768,5.479999999999999e-05,0.112398938,0.9301706559999999,0.317066695,0.35217599,0.407707211,0.278278588,0.421294393,0.041157242999999996,0.455994034,0.318726561,0.627249932,0.737017983,2002.182574,0.392999407,0.7053633,1982,0.078538745,16.05683069,0.044171797,16.06464315,0.147801415,0.7439910609999999,0.323271889,0.285982264,1997.601589,1.892461091,0.001328671,31757
49,-1,12a6f2a2-37dc-e811-a2bd-c4346bcb1555,4.2100000000000003e+42,1.0,2003.0693829999998,0.0013000279999999997,0.22983005199999998,0.587661933,0.22090051600000002,9.7e-05,1998.6786140000002,1.8908484159999999,0.217549398,0.75,0.217325872,0.946689277,0.34889862299999996,0.17686163800000002,0.7530379509999999,0.342531443,1.6746331140000001,1.155609629,1.227760915,2.388840766,1.110048443,2.8143132719999997,1.133698039,1.364395779,1.5700625519999998,2.998054452,1.72613702,2.915571299,0.20455719600000002,0.8104561090000001,0.28292906100000004,0.175849032,1996.487693,2.129605846,5.6200000000000004e-05,0.10683902099999999,0.9304466490000001,0.277873873,0.36709772700000004,0.411178741,0.24571516699999998,0.417816729,0.039138179,0.486096249,0.32677381899999997,0.635568602,0.739510778,2003.748649,0.43254513200000005,0.676275107,1982,0.071817384,16.08596455,0.04297283,16.01846105,0.13812083,0.719765722,0.303072091,0.306048024,1997.600803,1.8114816059999999,0.001407026,49933
50,-1,47a77194-3bdc-e811-a2bd-c4346bcb1555,4.2100000000000003e+42,1.0,2003.0693829999998,0.0013000279999999997,0.22983005199999998,0.587661933,0.22090051600000002,9.7e-05,1998.6786140000002,1.8908484159999999,0.217549398,0.75,0.217325872,0.946689277,0.34889862299999996,0.17686163800000002,0.7530379509999999,0.342531443,1.6746331140000001,1.155609629,1.227760915,2.388840766,1.110048443,2.8143132719999997,1.133698039,1.364395779,1.5700625519999998,2.998054452,1.72613702,2.915571299,0.20455719600000002,0.8104561090000001,0.28292906100000004,0.175849032,1996.487693,2.129605846,5.6200000000000004e-05,0.10683902099999999,0.9304466490000001,0.277873873,0.36709772700000004,0.411178741,0.24571516699999998,0.417816729,0.039138179,0.486096249,0.32677381899999997,0.635568602,0.739510778,2003.748649,0.43254513200000005,0.676275107,1982,0.071817384,16.08596455,0.04297283,16.01846105,0.13812083,0.719765722,0.303072091,0.306048024,1997.600803,1.8114816059999999,0.001407026,9432
51,-1,c243a5a1-32dc-e811-a2bd-c4346bcb1555,4.2100000000000003e+42,1.0,2003.0693829999998,0.0013000279999999997,0.22983005199999998,0.587661933,0.22090051600000002,9.7e-05,1998.6786140000002,1.8908484159999999,0.217549398,0.75,0.217325872,0.946689277,0.34889862299999996,0.17686163800000002,0.7530379509999999,0.342531443,1.6746331140000001,1.155609629,1.227760915,2.388840766,1.110048443,2.8143132719999997,1.133698039,1.364395779,1.5700625519999998,2.998054452,1.72613702,2.915571299,0.20455719600000002,0.8104561090000001,0.28292906100000004,0.175849032,1996.487693,2.129605846,5.6200000000000004e-05,0.10683902099999999,0.9304466490000001,0.277873873,0.36709772700000004,0.411178741,0.24571516699999998,0.417816729,0.039138179,0.486096249,0.32677381899999997,0.635568602,0.739510778,2003.748649,0.43254513200000005,0.676275107,1982,0.071817384,16.08596455,0.04297283,16.01846105,0.13812083,0.719765722,0.303072091,0.306048024,1997.600803,1.8114816059999999,0.001407026,19458
52,-1,e2334869-6cdb-e811-a2bd-c4346bcb1555,4.2000000000000005e+42,0.9792119859999999,2003.0294399999998,0.001279515,0.17685699300000002,0.600299176,0.21960412,9.13e-05,1998.1844870000002,1.691940386,0.22646150399999998,0.75,0.19387449699999998,0.95,0.337953909,0.165457741,0.7778472390000001,0.332568043,1.820102602,1.099802263,1.234252178,2.5413369390000002,1.1360311840000001,2.695306374,1.104780887,1.3771405209999998,1.66754454,2.9964562089999998,1.66303939,3.0,0.19662650199999998,0.800993834,0.24145546399999998,0.20435231399999998,1996.005202,2.0507319230000003,5.479999999999999e-05,0.132834365,0.922216712,0.268459244,0.367509807,0.424342424,0.244731815,0.43430427899999996,0.026231999,0.508934474,0.319407962,0.668216592,0.8084986120000001,2003.241304,0.396839228,0.674230923,1982,0.063459058,16.35647567,0.065930415,15.98647323,0.152100368,0.707388098,0.31696989,0.274726547,1997.5980760000002,1.984051442,0.001417646,23828
53,-1,b68d4fa9-70db-e811-a2bd-c4346bcb1555,4.2000000000000005e+42,0.9792119859999999,2003.0294399999998,0.001279515,0.17685699300000002,0.600299176,0.21960412,9.13e-05,1998.1844870000002,1.691940386,0.22646150399999998,0.75,0.19387449699999998,0.95,0.337953909,0.165457741,0.7778472390000001,0.332568043,1.820102602,1.099802263,1.234252178,2.5413369390000002,1.1360311840000001,2.695306374,1.104780887,1.3771405209999998,1.66754454,2.9964562089999998,1.66303939,3.0,0.19662650199999998,0.800993834,0.24145546399999998,0.20435231399999998,1996.005202,2.0507319230000003,5.479999999999999e-05,0.132834365,0.922216712,0.268459244,0.367509807,0.424342424,0.244731815,0.43430427899999996,0.026231999,0.508934474,0.319407962,0.668216592,0.8084986120000001,2003.241304,0.396839228,0.674230923,1982,0.063459058,16.35647567,0.065930415,15.98647323,0.152100368,0.707388098,0.31696989,0.274726547,1997.5980760000002,1.984051442,0.001417646,59310
54,-1,235e7255-74db-e811-a2bd-c4346bcb1555,4.2000000000000005e+42,0.9792119859999999,2003.0294399999998,0.001279515,0.17685699300000002,0.600299176,0.21960412,9.13e-05,1998.1844870000002,1.691940386,0.22646150399999998,0.75,0.19387449699999998,0.95,0.337953909,0.165457741,0.7778472390000001,0.332568043,1.820102602,1.099802263,1.234252178,2.5413369390000002,1.1360311840000001,2.695306374,1.104780887,1.3771405209999998,1.66754454,2.9964562089999998,1.66303939,3.0,0.19662650199999998,0.800993834,0.24145546399999998,0.20435231399999998,1996.005202,2.0507319230000003,5.479999999999999e-05,0.132834365,0.922216712,0.268459244,0.367509807,0.424342424,0.244731815,0.43430427899999996,0.026231999,0.508934474,0.319407962,0.668216592,0.8084986120000001,2003.241304,0.396839228,0.674230923,1982,0.063459058,16.35647567,0.065930415,15.98647323,0.152100368,0.707388098,0.31696989,0.274726547,1997.5980760000002,1.984051442,0.001417646,30501
55,-1,a87b4ef1-32dc-e811-a2bd-c4346bcb1555,4.2000000000000005e+42,1.0,2002.7139960000002,0.0013319949999999999,0.214308035,0.57420204,0.22547832,9.429999999999999e-05,1998.339328,1.7767997480000002,0.21188543199999998,0.75,0.210594654,0.95,0.35774672,0.185075342,0.763734354,0.352467741,1.533026632,1.2590332709999998,1.142755926,2.406520364,1.10460986,2.613913424,1.1042829459999999,1.351152237,1.5882837090000002,3.0,1.712552783,2.950230512,0.22153168899999998,0.773818276,0.250487996,0.172691488,1995.4911170000003,2.303172601,5.7999999999999994e-05,0.12888360599999998,0.9350889790000001,0.315677831,0.367995787,0.385956784,0.232801276,0.408090609,0.017910214,0.49056173399999997,0.298540121,0.6459249570000001,0.7765268679999999,2003.131561,0.459347661,0.659498908,1982,0.097137919,16.18456155,0.048688268,15.86851337,0.139228979,0.711627858,0.298274866,0.256382173,1997.358496,1.931824901,0.001430315,4979
56,-1,d8400e39-37dc-e811-a2bd-c4346bcb1555,4.2000000000000005e+42,1.0,2002.7139960000002,0.0013319949999999999,0.214308035,0.57420204,0.22547832,9.429999999999999e-05,1998.339328,1.7767997480000002,0.21188543199999998,0.75,0.210594654,0.95,0.35774672,0.185075342,0.763734354,0.352467741,1.533026632,1.2590332709999998,1.142755926,2.406520364,1.10460986,2.613913424,1.1042829459999999,1.351152237,1.5882837090000002,3.0,1.712552783,2.950230512,0.22153168899999998,0.773818276,0.250487996,0.172691488,1995.4911170000003,2.303172601,5.7999999999999994e-05,0.12888360599999998,0.9350889790000001,0.315677831,0.367995787,0.385956784,0.232801276,0.408090609,0.017910214,0.49056173399999997,0.298540121,0.6459249570000001,0.7765268679999999,2003.131561,0.459347661,0.659498908,1982,0.097137919,16.18456155,0.048688268,15.86851337,0.139228979,0.711627858,0.298274866,0.256382173,1997.358496,1.931824901,0.001430315,21062
57,-1,52a77194-3bdc-e811-a2bd-c4346bcb1555,4.2000000000000005e+42,1.0,2002.7139960000002,0.0013319949999999999,0.214308035,0.57420204,0.22547832,9.429999999999999e-05,1998.339328,1.7767997480000002,0.21188543199999998,0.75,0.210594654,0.95,0.35774672,0.185075342,0.763734354,0.352467741,1.533026632,1.2590332709999998,1.142755926,2.406520364,1.10460986,2.613913424,1.1042829459999999,1.351152237,1.5882837090000002,3.0,1.712552783,2.950230512,0.22153168899999998,0.773818276,0.250487996,0.172691488,1995.4911170000003,2.303172601,5.7999999999999994e-05,0.12888360599999998,0.9350889790000001,0.315677831,0.367995787,0.385956784,0.232801276,0.408090609,0.017910214,0.49056173399999997,0.298540121,0.6459249570000001,0.7765268679999999,2003.131561,0.459347661,0.659498908,1982,0.097137919,16.18456155,0.048688268,15.86851337,0.139228979,0.711627858,0.298274866,0.256382173,1997.358496,1.931824901,0.001430315,63820
58,-1,8bbbfb3d-32dc-e811-a2bd-c4346bcb1555,4.2000000000000005e+42,0.999714563,2002.8446219999998,0.00126033,0.220740188,0.579749429,0.23864708199999998,9.13e-05,1999.258441,1.8725734369999998,0.213476246,0.75,0.226362908,0.95,0.346269593,0.160036974,0.770243008,0.342307776,1.7642213740000001,1.330286944,1.23929122,2.502399178,1.095048128,2.7134911539999997,1.182172122,1.3679732390000001,1.6299835480000002,2.995201023,1.70897047,2.994600428,0.20571645300000002,0.803413637,0.26611602,0.180948805,1995.544851,2.293182615,7.070000000000001e-05,0.134042426,0.928485146,0.316247977,0.34922923,0.380743829,0.23750964300000002,0.423120128,0.042878195,0.451315641,0.313220087,0.60925086,0.8243983859999999,2003.153898,0.362619649,0.6725056559999999,1982,0.078149147,16.11749842,0.059288245999999996,16.15487938,0.144924407,0.721886913,0.31895127100000004,0.277949032,1997.3828260000003,1.944283449,0.001483428,21062
59,-1,b6f68ba0-36dc-e811-a2bd-c4346bcb1555,4.2000000000000005e+42,0.999714563,2002.8446219999998,0.00126033,0.220740188,0.579749429,0.23864708199999998,9.13e-05,1999.258441,1.8725734369999998,0.213476246,0.75,0.226362908,0.95,0.346269593,0.160036974,0.770243008,0.342307776,1.7642213740000001,1.330286944,1.23929122,2.502399178,1.095048128,2.7134911539999997,1.182172122,1.3679732390000001,1.6299835480000002,2.995201023,1.70897047,2.994600428,0.20571645300000002,0.803413637,0.26611602,0.180948805,1995.544851,2.293182615,7.070000000000001e-05,0.134042426,0.928485146,0.316247977,0.34922923,0.380743829,0.23750964300000002,0.423120128,0.042878195,0.451315641,0.313220087,0.60925086,0.8243983859999999,2003.153898,0.362619649,0.6725056559999999,1982,0.078149147,16.11749842,0.059288245999999996,16.15487938,0.144924407,0.721886913,0.31895127100000004,0.277949032,1997.3828260000003,1.944283449,0.001483428,34415
60,-1,a2a86b34-3bdc-e811-a2bd-c4346bcb1555,4.2000000000000005e+42,0.999714563,2002.8446219999998,0.00126033,0.220740188,0.579749429,0.23864708199999998,9.13e-05,1999.258441,1.8725734369999998,0.213476246,0.75,0.226362908,0.95,0.346269593,0.160036974,0.770243008,0.342307776,1.7642213740000001,1.330286944,1.23929122,2.502399178,1.095048128,2.7134911539999997,1.182172122,1.3679732390000001,1.6299835480000002,2.995201023,1.70897047,2.994600428,0.20571645300000002,0.803413637,0.26611602,0.180948805,1995.544851,2.293182615,7.070000000000001e-05,0.134042426,0.928485146,0.316247977,0.34922923,0.380743829,0.23750964300000002,0.423120128,0.042878195,0.451315641,0.313220087,0.60925086,0.8243983859999999,2003.153898,0.362619649,0.6725056559999999,1982,0.078149147,16.11749842,0.059288245999999996,16.15487938,0.144924407,0.721886913,0.31895127100000004,0.277949032,1997.3828260000003,1.944283449,0.001483428,41762
61,-1,a82212d7-2fdc-e811-a2bd-c4346bcb1555,4.19e+42,1.0,2002.8602210000001,0.0013350929999999999,0.22401424,0.614194261,0.22842255600000003,9.13e-05,1998.422984,1.8937394909999998,0.207463101,0.75,0.20961116800000001,0.94968374,0.369613745,0.166522786,0.754697732,0.338278942,1.589135815,1.3553122819999999,1.19881219,2.49785181,1.0873721809999999,2.641644023,1.1510096159999998,1.3746445390000002,1.626407874,3.0,1.690349479,2.983809424,0.214546402,0.780366032,0.29124046800000003,0.173572576,1996.449913,2.125087906,5.479999999999999e-05,0.110101454,0.9080568370000001,0.297341729,0.364408907,0.385446698,0.24717917,0.432724306,0.039408782999999996,0.496816546,0.33014549600000004,0.622921652,0.7535941009999999,2003.581749,0.41502920299999996,0.631725261,1982,0.08704593,16.22135515,0.04,15.85975308,0.134357085,0.709650606,0.304367189,0.279713003,1997.038966,1.787709077,0.001414712,36237
62,-1,93d475a2-34dc-e811-a2bd-c4346bcb1555,4.19e+42,1.0,2002.8602210000001,0.0013350929999999999,0.22401424,0.614194261,0.22842255600000003,9.13e-05,1998.422984,1.8937394909999998,0.207463101,0.75,0.20961116800000001,0.94968374,0.369613745,0.166522786,0.754697732,0.338278942,1.589135815,1.3553122819999999,1.19881219,2.49785181,1.0873721809999999,2.641644023,1.1510096159999998,1.3746445390000002,1.626407874,3.0,1.690349479,2.983809424,0.214546402,0.780366032,0.29124046800000003,0.173572576,1996.449913,2.125087906,5.479999999999999e-05,0.110101454,0.9080568370000001,0.297341729,0.364408907,0.385446698,0.24717917,0.432724306,0.039408782999999996,0.496816546,0.33014549600000004,0.622921652,0.7535941009999999,2003.581749,0.41502920299999996,0.631725261,1982,0.08704593,16.22135515,0.04,15.85975308,0.134357085,0.709650606,0.304367189,0.279713003,1997.038966,1.787709077,0.001414712,9661
63,-1,6ae444d2-38dc-e811-a2bd-c4346bcb1555,4.19e+42,1.0,2002.8602210000001,0.0013350929999999999,0.22401424,0.614194261,0.22842255600000003,9.13e-05,1998.422984,1.8937394909999998,0.207463101,0.75,0.20961116800000001,0.94968374,0.369613745,0.166522786,0.754697732,0.338278942,1.589135815,1.3553122819999999,1.19881219,2.49785181,1.0873721809999999,2.641644023,1.1510096159999998,1.3746445390000002,1.626407874,3.0,1.690349479,2.983809424,0.214546402,0.780366032,0.29124046800000003,0.173572576,1996.449913,2.125087906,5.479999999999999e-05,0.110101454,0.9080568370000001,0.297341729,0.364408907,0.385446698,0.24717917,0.432724306,0.039408782999999996,0.496816546,0.33014549600000004,0.622921652,0.7535941009999999,2003.581749,0.41502920299999996,0.631725261,1982,0.08704593,16.22135515,0.04,15.85975308,0.134357085,0.709650606,0.304367189,0.279713003,1997.038966,1.787709077,0.001414712,8053
64,-1,f32b97a9-f7dc-e811-a2bd-c4346bcb1555,4.19e+42,1.0,2003.248161,0.001355592,0.247269556,0.586242556,0.229370845,9.719999999999999e-05,1998.402493,1.8022478380000002,0.217445948,0.75,0.21516974100000003,0.95,0.331638137,0.180241545,0.776699708,0.36703508100000004,1.510992874,1.097224317,1.301907521,2.477432506,1.106608101,2.8872861380000003,1.0900582159999999,1.307831392,1.658430935,2.908556465,1.72239331,3.0,0.20541713,0.793547335,0.25286219,0.17843837399999998,1995.725993,2.033790447,5.479999999999999e-05,0.09230231400000001,0.927815855,0.283483542,0.346555495,0.393904794,0.24444527100000002,0.43286727,0.03283663,0.45561081700000006,0.299245545,0.6467263329999999,0.72643784,2003.20094,0.39943186799999997,0.66872475,1982,0.087196251,16.00637914,0.043174255,16.01839697,0.125621338,0.7280611790000001,0.34000643799999997,0.272482345,1998.37817,1.8242496990000001,0.00142816,43572
65,-1,bf85b139-f0dc-e811-a2bd-c4346bcb1555,4.19e+42,1.0,2003.248161,0.001355592,0.247269556,0.586242556,0.229370845,9.719999999999999e-05,1998.402493,1.8022478380000002,0.217445948,0.75,0.21516974100000003,0.95,0.331638137,0.180241545,0.776699708,0.36703508100000004,1.510992874,1.097224317,1.301907521,2.477432506,1.106608101,2.8872861380000003,1.0900582159999999,1.307831392,1.658430935,2.908556465,1.72239331,3.0,0.20541713,0.793547335,0.25286219,0.17843837399999998,1995.725993,2.033790447,5.479999999999999e-05,0.09230231400000001,0.927815855,0.283483542,0.346555495,0.393904794,0.24444527100000002,0.43286727,0.03283663,0.45561081700000006,0.299245545,0.6467263329999999,0.72643784,2003.20094,0.39943186799999997,0.66872475,1982,0.087196251,16.00637914,0.043174255,16.01839697,0.125621338,0.7280611790000001,0.34000643799999997,0.272482345,1998.37817,1.8242496990000001,0.00142816,35727
66,-1,ba6376ec-f3dc-e811-a2bd-c4346bcb1555,4.19e+42,1.0,2003.248161,0.001355592,0.247269556,0.586242556,0.229370845,9.719999999999999e-05,1998.402493,1.8022478380000002,0.217445948,0.75,0.21516974100000003,0.95,0.331638137,0.180241545,0.776699708,0.36703508100000004,1.510992874,1.097224317,1.301907521,2.477432506,1.106608101,2.8872861380000003,1.0900582159999999,1.307831392,1.658430935,2.908556465,1.72239331,3.0,0.20541713,0.793547335,0.25286219,0.17843837399999998,1995.725993,2.033790447,5.479999999999999e-05,0.09230231400000001,0.927815855,0.283483542,0.346555495,0.393904794,0.24444527100000002,0.43286727,0.03283663,0.45561081700000006,0.299245545,0.6467263329999999,0.72643784,2003.20094,0.39943186799999997,0.66872475,1982,0.087196251,16.00637914,0.043174255,16.01839697,0.125621338,0.7280611790000001,0.34000643799999997,0.272482345,1998.37817,1.8242496990000001,0.00142816,52771
67,-1,b77c830e-f0dc-e811-a2bd-c4346bcb1555,4.19e+42,1.0,2003.230879,0.00134161,0.22639906,0.568829974,0.241724422,9.13e-05,1998.426136,1.764549689,0.22724066,0.75,0.218878711,0.945567996,0.357425831,0.182088716,0.7621374470000001,0.35054881600000004,1.542704689,1.220598737,1.229852183,2.512625701,1.1095384990000001,2.764839293,1.116439331,1.315002647,1.662593042,2.9849887710000003,1.708121425,3.0,0.19913009199999998,0.784181018,0.260225673,0.18869277399999998,1995.8151899999998,2.12146665,5.629999999999999e-05,0.108397723,0.9350721470000001,0.299335426,0.354299886,0.394674184,0.255029675,0.40735546899999997,0.033636743999999996,0.45960920299999997,0.318203422,0.6333497929999999,0.72413144,2002.829988,0.40174497200000003,0.659565139,1982,0.08528780400000001,16.01150268,0.040159194,16.04291722,0.14574211199999998,0.7233836690000001,0.326571965,0.270541945,1997.8695519999999,1.9216853319999998,0.00139006,63674
68,-1,7a86a3a2-f3dc-e811-a2bd-c4346bcb1555,4.19e+42,1.0,2003.230879,0.00134161,0.22639906,0.568829974,0.241724422,9.13e-05,1998.426136,1.764549689,0.22724066,0.75,0.218878711,0.945567996,0.357425831,0.182088716,0.7621374470000001,0.35054881600000004,1.542704689,1.220598737,1.229852183,2.512625701,1.1095384990000001,2.764839293,1.116439331,1.315002647,1.662593042,2.9849887710000003,1.708121425,3.0,0.19913009199999998,0.784181018,0.260225673,0.18869277399999998,1995.8151899999998,2.12146665,5.629999999999999e-05,0.108397723,0.9350721470000001,0.299335426,0.354299886,0.394674184,0.255029675,0.40735546899999997,0.033636743999999996,0.45960920299999997,0.318203422,0.6333497929999999,0.72413144,2002.829988,0.40174497200000003,0.659565139,1982,0.08528780400000001,16.01150268,0.040159194,16.04291722,0.14574211199999998,0.7233836690000001,0.326571965,0.270541945,1997.8695519999999,1.9216853319999998,0.00139006,877
69,-1,b52b97a9-f7dc-e811-a2bd-c4346bcb1555,4.19e+42,1.0,2003.230879,0.00134161,0.22639906,0.568829974,0.241724422,9.13e-05,1998.426136,1.764549689,0.22724066,0.75,0.218878711,0.945567996,0.357425831,0.182088716,0.7621374470000001,0.35054881600000004,1.542704689,1.220598737,1.229852183,2.512625701,1.1095384990000001,2.764839293,1.116439331,1.315002647,1.662593042,2.9849887710000003,1.708121425,3.0,0.19913009199999998,0.784181018,0.260225673,0.18869277399999998,1995.8151899999998,2.12146665,5.629999999999999e-05,0.108397723,0.9350721470000001,0.299335426,0.354299886,0.394674184,0.255029675,0.40735546899999997,0.033636743999999996,0.45960920299999997,0.318203422,0.6333497929999999,0.72413144,2002.829988,0.40174497200000003,0.659565139,1982,0.08528780400000001,16.01150268,0.040159194,16.04291722,0.14574211199999998,0.7233836690000001,0.326571965,0.270541945,1997.8695519999999,1.9216853319999998,0.00139006,47557
70,-1,126f9c8b-33dc-e811-a2bd-c4346bcb1555,4.18e+42,1.0,2003.18825,0.001336387,0.214196104,0.584210985,0.21083256,9.13e-05,1999.343773,1.785975141,0.22492479,0.75,0.238454501,0.95,0.367801936,0.186344167,0.755901303,0.323258178,1.674938281,1.209946153,1.241007592,2.394593371,1.056654612,2.596889768,1.15849224,1.34743064,1.586186555,2.9934996889999996,1.6876777490000001,3.0,0.216121113,0.79786843,0.279853155,0.19339441300000002,1996.4772600000001,2.26947472,5.520000000000001e-05,0.108818804,0.922726302,0.292285435,0.36347539700000003,0.386660936,0.252663524,0.41046201200000004,0.031002939,0.44386440299999996,0.328432689,0.655006396,0.752459488,2003.728575,0.43604670000000006,0.6812039120000001,1982,0.09358538400000001,16.12102104,0.04898957,15.99643596,0.157512867,0.71428424,0.291009557,0.266463021,1997.4435460000002,1.9307455580000001,0.001405451,14113
71,-1,db819929-38dc-e811-a2bd-c4346bcb1555,4.18e+42,1.0,2003.18825,0.001336387,0.214196104,0.584210985,0.21083256,9.13e-05,1999.343773,1.785975141,0.22492479,0.75,0.238454501,0.95,0.367801936,0.186344167,0.755901303,0.323258178,1.674938281,1.209946153,1.241007592,2.394593371,1.056654612,2.596889768,1.15849224,1.34743064,1.586186555,2.9934996889999996,1.6876777490000001,3.0,0.216121113,0.79786843,0.279853155,0.19339441300000002,1996.4772600000001,2.26947472,5.520000000000001e-05,0.108818804,0.922726302,0.292285435,0.36347539700000003,0.386660936,0.252663524,0.41046201200000004,0.031002939,0.44386440299999996,0.328432689,0.655006396,0.752459488,2003.728575,0.43604670000000006,0.6812039120000001,1982,0.09358538400000001,16.12102104,0.04898957,15.99643596,0.157512867,0.71428424,0.291009557,0.266463021,1997.4435460000002,1.9307455580000001,0.001405451,58717
72,-1,cdcb4e23-3cdc-e811-a2bd-c4346bcb1555,4.18e+42,1.0,2003.18825,0.001336387,0.214196104,0.584210985,0.21083256,9.13e-05,1999.343773,1.785975141,0.22492479,0.75,0.238454501,0.95,0.367801936,0.186344167,0.755901303,0.323258178,1.674938281,1.209946153,1.241007592,2.394593371,1.056654612,2.596889768,1.15849224,1.34743064,1.586186555,2.9934996889999996,1.6876777490000001,3.0,0.216121113,0.79786843,0.279853155,0.19339441300000002,1996.4772600000001,2.26947472,5.520000000000001e-05,0.108818804,0.922726302,0.292285435,0.36347539700000003,0.386660936,0.252663524,0.41046201200000004,0.031002939,0.44386440299999996,0.328432689,0.655006396,0.752459488,2003.728575,0.43604670000000006,0.6812039120000001,1982,0.09358538400000001,16.12102104,0.04898957,15.99643596,0.157512867,0.71428424,0.291009557,0.266463021,1997.4435460000002,1.9307455580000001,0.001405451,20433
73,-1,2c190b43-f1dc-e811-a2bd-c4346bcb1555,4.18e+42,1.0,2003.3031079999998,0.001412743,0.23374158399999997,0.567871126,0.21981436,0.00011470399999999999,1998.206844,1.7683251130000002,0.23598498199999998,0.75,0.225286905,0.949267105,0.376000326,0.16874701,0.7726569409999999,0.35702414600000004,1.576999795,1.2813448920000001,1.243591796,2.492760423,1.071320312,2.789719629,1.074577535,1.3364809640000002,1.648274716,2.944618315,1.707628898,2.990224449,0.21677790100000002,0.778809685,0.251047056,0.19752360300000002,1995.8199739999998,2.1388435709999998,5.479999999999999e-05,0.10736422699999999,0.9193546490000001,0.298302537,0.35735743600000003,0.404160516,0.250965244,0.395982801,0.021368252999999997,0.455972572,0.324560408,0.6348223820000001,0.743759649,2002.586232,0.40457160799999997,0.663041083,1982,0.090356586,15.90277278,0.053508414000000004,16.17416728,0.15212715599999999,0.7363821229999999,0.325417917,0.25570224,1998.309776,1.897508969,0.001269746,13787
74,-1,98dbd837-f5dc-e811-a2bd-c4346bcb1555,4.18e+42,1.0,2003.3031079999998,0.001412743,0.23374158399999997,0.567871126,0.21981436,0.00011470399999999999,1998.206844,1.7683251130000002,0.23598498199999998,0.75,0.225286905,0.949267105,0.376000326,0.16874701,0.7726569409999999,0.35702414600000004,1.576999795,1.2813448920000001,1.243591796,2.492760423,1.071320312,2.789719629,1.074577535,1.3364809640000002,1.648274716,2.944618315,1.707628898,2.990224449,0.21677790100000002,0.778809685,0.251047056,0.19752360300000002,1995.8199739999998,2.1388435709999998,5.479999999999999e-05,0.10736422699999999,0.9193546490000001,0.298302537,0.35735743600000003,0.404160516,0.250965244,0.395982801,0.021368252999999997,0.455972572,0.324560408,0.6348223820000001,0.743759649,2002.586232,0.40457160799999997,0.663041083,1982,0.090356586,15.90277278,0.053508414000000004,16.17416728,0.15212715599999999,0.7363821229999999,0.325417917,0.25570224,1998.309776,1.897508969,0.001269746,10009
75,-1,b42c929b-f8dc-e811-a2bd-c4346bcb1555,4.18e+42,1.0,2003.3031079999998,0.001412743,0.23374158399999997,0.567871126,0.21981436,0.00011470399999999999,1998.206844,1.7683251130000002,0.23598498199999998,0.75,0.225286905,0.949267105,0.376000326,0.16874701,0.7726569409999999,0.35702414600000004,1.576999795,1.2813448920000001,1.243591796,2.492760423,1.071320312,2.789719629,1.074577535,1.3364809640000002,1.648274716,2.944618315,1.707628898,2.990224449,0.21677790100000002,0.778809685,0.251047056,0.19752360300000002,1995.8199739999998,2.1388435709999998,5.479999999999999e-05,0.10736422699999999,0.9193546490000001,0.298302537,0.35735743600000003,0.404160516,0.250965244,0.395982801,0.021368252999999997,0.455972572,0.324560408,0.6348223820000001,0.743759649,2002.586232,0.40457160799999997,0.663041083,1982,0.090356586,15.90277278,0.053508414000000004,16.17416728,0.15212715599999999,0.7363821229999999,0.325417917,0.25570224,1998.309776,1.897508969,0.001269746,33790
76,-1,7b86a3a2-f3dc-e811-a2bd-c4346bcb1555,4.18e+42,1.0,2003.230879,0.00134161,0.22639906,0.568829974,0.241724422,9.13e-05,1998.426136,1.764549689,0.22724066,0.75,0.218878711,0.945567996,0.357425831,0.182088716,0.7621374470000001,0.35054881600000004,1.542704689,1.220598737,1.229852183,2.512625701,1.1095384990000001,2.764839293,1.116439331,1.315002647,1.662593042,2.9849887710000003,1.708121425,3.0,0.19913009199999998,0.784181018,0.260225673,0.18869277399999998,1995.8151899999998,2.12146665,5.629999999999999e-05,0.108397723,0.9350721470000001,0.299335426,0.354299886,0.394674184,0.255029675,0.40735546899999997,0.033636743999999996,0.45960920299999997,0.318203422,0.6333497929999999,0.72413144,2002.829988,0.40174497200000003,0.659565139,1982,0.08528780400000001,16.01150268,0.040159194,16.04291722,0.14574211199999998,0.7233836690000001,0.326571965,0.270541945,1997.8695519999999,1.9216853319999998,0.00139006,2353
77,-1,b62b97a9-f7dc-e811-a2bd-c4346bcb1555,4.18e+42,1.0,2003.230879,0.00134161,0.22639906,0.568829974,0.241724422,9.13e-05,1998.426136,1.764549689,0.22724066,0.75,0.218878711,0.945567996,0.357425831,0.182088716,0.7621374470000001,0.35054881600000004,1.542704689,1.220598737,1.229852183,2.512625701,1.1095384990000001,2.764839293,1.116439331,1.315002647,1.662593042,2.9849887710000003,1.708121425,3.0,0.19913009199999998,0.784181018,0.260225673,0.18869277399999998,1995.8151899999998,2.12146665,5.629999999999999e-05,0.108397723,0.9350721470000001,0.299335426,0.354299886,0.394674184,0.255029675,0.40735546899999997,0.033636743999999996,0.45960920299999997,0.318203422,0.6333497929999999,0.72413144,2002.829988,0.40174497200000003,0.659565139,1982,0.08528780400000001,16.01150268,0.040159194,16.04291722,0.14574211199999998,0.7233836690000001,0.326571965,0.270541945,1997.8695519999999,1.9216853319999998,0.00139006,37679
78,-1,b87c830e-f0dc-e811-a2bd-c4346bcb1555,4.18e+42,1.0,2003.230879,0.00134161,0.22639906,0.568829974,0.241724422,9.13e-05,1998.426136,1.764549689,0.22724066,0.75,0.218878711,0.945567996,0.357425831,0.182088716,0.7621374470000001,0.35054881600000004,1.542704689,1.220598737,1.229852183,2.512625701,1.1095384990000001,2.764839293,1.116439331,1.315002647,1.662593042,2.9849887710000003,1.708121425,3.0,0.19913009199999998,0.784181018,0.260225673,0.18869277399999998,1995.8151899999998,2.12146665,5.629999999999999e-05,0.108397723,0.9350721470000001,0.299335426,0.354299886,0.394674184,0.255029675,0.40735546899999997,0.033636743999999996,0.45960920299999997,0.318203422,0.6333497929999999,0.72413144,2002.829988,0.40174497200000003,0.659565139,1982,0.08528780400000001,16.01150268,0.040159194,16.04291722,0.14574211199999998,0.7233836690000001,0.326571965,0.270541945,1997.8695519999999,1.9216853319999998,0.00139006,12211
79,-1,0c40fe0f-f5dc-e811-a2bd-c4346bcb1555,4.18e+42,1.0,2002.666804,0.001382019,0.227105848,0.567888473,0.256856303,9.13e-05,1998.421843,1.837999109,0.214580806,0.75,0.22749656699999998,0.95,0.345913113,0.173150885,0.793520283,0.363109101,1.4594612269999998,1.317188656,1.268691166,2.584887496,1.111375646,2.863946388,1.0914551909999999,1.288621376,1.645375183,2.923135722,1.741298868,2.9611735739999996,0.178709533,0.7755036959999999,0.253270415,0.188882241,1995.6540969999999,2.1702341290000002,6.02e-05,0.116356103,0.9324163759999999,0.313612873,0.35567061,0.40647420100000003,0.238772453,0.427161119,0.052692139000000006,0.454193645,0.32669059899999997,0.652301082,0.7111302429999999,2003.131414,0.428990596,0.646754012,1982,0.088372271,15.93281539,0.04,15.94150499,0.128743591,0.7346498570000001,0.324719961,0.277207422,1998.254493,1.911223845,0.001268867,48123
80,-1,163f4500-f9dc-e811-a2bd-c4346bcb1555,4.18e+42,1.0,2002.666804,0.001382019,0.227105848,0.567888473,0.256856303,9.13e-05,1998.421843,1.837999109,0.214580806,0.75,0.22749656699999998,0.95,0.345913113,0.173150885,0.793520283,0.363109101,1.4594612269999998,1.317188656,1.268691166,2.584887496,1.111375646,2.863946388,1.0914551909999999,1.288621376,1.645375183,2.923135722,1.741298868,2.9611735739999996,0.178709533,0.7755036959999999,0.253270415,0.188882241,1995.6540969999999,2.1702341290000002,6.02e-05,0.116356103,0.9324163759999999,0.313612873,0.35567061,0.40647420100000003,0.238772453,0.427161119,0.052692139000000006,0.454193645,0.32669059899999997,0.652301082,0.7111302429999999,2003.131414,0.428990596,0.646754012,1982,0.088372271,15.93281539,0.04,15.94150499,0.128743591,0.7346498570000001,0.324719961,0.277207422,1998.254493,1.911223845,0.001268867,44629
81,-1,02ebab9c-f1dc-e811-a2bd-c4346bcb1555,4.18e+42,1.0,2002.666804,0.001382019,0.227105848,0.567888473,0.256856303,9.13e-05,1998.421843,1.837999109,0.214580806,0.75,0.22749656699999998,0.95,0.345913113,0.173150885,0.793520283,0.363109101,1.4594612269999998,1.317188656,1.268691166,2.584887496,1.111375646,2.863946388,1.0914551909999999,1.288621376,1.645375183,2.923135722,1.741298868,2.9611735739999996,0.178709533,0.7755036959999999,0.253270415,0.188882241,1995.6540969999999,2.1702341290000002,6.02e-05,0.116356103,0.9324163759999999,0.313612873,0.35567061,0.40647420100000003,0.238772453,0.427161119,0.052692139000000006,0.454193645,0.32669059899999997,0.652301082,0.7111302429999999,2003.131414,0.428990596,0.646754012,1982,0.088372271,15.93281539,0.04,15.94150499,0.128743591,0.7346498570000001,0.324719961,0.277207422,1998.254493,1.911223845,0.001268867,1552
82,-1,e1590f2c-6ddb-e811-a2bd-c4346bcb1555,4.18e+42,0.994144114,2003.0952320000001,0.0012579120000000001,0.21216583600000002,0.602172452,0.22156062199999998,9.13e-05,1998.5515739999998,1.6580833680000002,0.215584577,0.75,0.211625108,0.95,0.337169337,0.160702858,0.762146677,0.34829293,1.834078266,1.270911666,1.204251923,2.573837207,1.198976225,2.7068587089999996,1.098752096,1.3188608659999999,1.5882928459999999,3.0,1.752003316,3.0,0.21153314399999998,0.819295949,0.293894688,0.18935448600000002,1996.1230010000002,2.034446125,5.479999999999999e-05,0.148223044,0.928119716,0.250029629,0.364553477,0.397255831,0.279286535,0.440488085,0.024296953,0.499365905,0.310954484,0.639575969,0.767871726,2002.611473,0.43085018700000005,0.650856766,1982,0.072032279,16.38257917,0.071939472,16.11712676,0.141064131,0.728840135,0.325612263,0.28247482,1997.751171,1.765770116,0.001418305,39663
83,-1,713bc4fb-70db-e811-a2bd-c4346bcb1555,4.18e+42,0.994144114,2003.0952320000001,0.0012579120000000001,0.21216583600000002,0.602172452,0.22156062199999998,9.13e-05,1998.5515739999998,1.6580833680000002,0.215584577,0.75,0.211625108,0.95,0.337169337,0.160702858,0.762146677,0.34829293,1.834078266,1.270911666,1.204251923,2.573837207,1.198976225,2.7068587089999996,1.098752096,1.3188608659999999,1.5882928459999999,3.0,1.752003316,3.0,0.21153314399999998,0.819295949,0.293894688,0.18935448600000002,1996.1230010000002,2.034446125,5.479999999999999e-05,0.148223044,0.928119716,0.250029629,0.364553477,0.397255831,0.279286535,0.440488085,0.024296953,0.499365905,0.310954484,0.639575969,0.767871726,2002.611473,0.43085018700000005,0.650856766,1982,0.072032279,16.38257917,0.071939472,16.11712676,0.141064131,0.728840135,0.325612263,0.28247482,1997.751171,1.765770116,0.001418305,8605
84,-1,e99fe882-74db-e811-a2bd-c4346bcb1555,4.18e+42,0.994144114,2003.0952320000001,0.0012579120000000001,0.21216583600000002,0.602172452,0.22156062199999998,9.13e-05,1998.5515739999998,1.6580833680000002,0.215584577,0.75,0.211625108,0.95,0.337169337,0.160702858,0.762146677,0.34829293,1.834078266,1.270911666,1.204251923,2.573837207,1.198976225,2.7068587089999996,1.098752096,1.3188608659999999,1.5882928459999999,3.0,1.752003316,3.0,0.21153314399999998,0.819295949,0.293894688,0.18935448600000002,1996.1230010000002,2.034446125,5.479999999999999e-05,0.148223044,0.928119716,0.250029629,0.364553477,0.397255831,0.279286535,0.440488085,0.024296953,0.499365905,0.310954484,0.639575969,0.767871726,2002.611473,0.43085018700000005,0.650856766,1982,0.072032279,16.38257917,0.071939472,16.11712676,0.141064131,0.728840135,0.325612263,0.28247482,1997.751171,1.765770116,0.001418305,38657
85,-1,75c315f0-31dc-e811-a2bd-c4346bcb1555,4.1700000000000005e+42,1.0,2002.9868010000002,0.0012313699999999999,0.225556995,0.599155259,0.22838050199999999,0.000133192,1999.1393879999998,1.666612419,0.23157762399999998,0.75,0.21659696399999998,0.946377122,0.36384235600000003,0.19655328,0.768217692,0.343757163,1.644119551,1.35011512,1.18450067,2.462453242,1.075774835,2.7611397710000003,1.169671803,1.312636135,1.5733203119999999,2.931765734,1.762019056,3.0,0.211681177,0.767229174,0.25710127,0.187863522,1995.9336469999998,2.205925029,6.15e-05,0.11684453199999999,0.927441622,0.290946338,0.367857831,0.39353383700000005,0.258094049,0.41927916,0.027309869,0.47323770200000004,0.30324553600000004,0.610180033,0.7477137490000001,2002.659425,0.387488788,0.607250276,1982,0.09367042699999999,16.14785539,0.043546355,16.20307794,0.150117495,0.734617475,0.302468585,0.269354931,1997.670773,1.7531877980000001,0.001452641,26443
86,-1,13df86a6-36dc-e811-a2bd-c4346bcb1555,4.1700000000000005e+42,1.0,2002.9868010000002,0.0012313699999999999,0.225556995,0.599155259,0.22838050199999999,0.000133192,1999.1393879999998,1.666612419,0.23157762399999998,0.75,0.21659696399999998,0.946377122,0.36384235600000003,0.19655328,0.768217692,0.343757163,1.644119551,1.35011512,1.18450067,2.462453242,1.075774835,2.7611397710000003,1.169671803,1.312636135,1.5733203119999999,2.931765734,1.762019056,3.0,0.211681177,0.767229174,0.25710127,0.187863522,1995.9336469999998,2.205925029,6.15e-05,0.11684453199999999,0.927441622,0.290946338,0.367857831,0.39353383700000005,0.258094049,0.41927916,0.027309869,0.47323770200000004,0.30324553600000004,0.610180033,0.7477137490000001,2002.659425,0.387488788,0.607250276,1982,0.09367042699999999,16.14785539,0.043546355,16.20307794,0.150117495,0.734617475,0.302468585,0.269354931,1997.670773,1.7531877980000001,0.001452641,3056
87,-1,c96b020b-3bdc-e811-a2bd-c4346bcb1555,4.1700000000000005e+42,1.0,2002.9868010000002,0.0012313699999999999,0.225556995,0.599155259,0.22838050199999999,0.000133192,1999.1393879999998,1.666612419,0.23157762399999998,0.75,0.21659696399999998,0.946377122,0.36384235600000003,0.19655328,0.768217692,0.343757163,1.644119551,1.35011512,1.18450067,2.462453242,1.075774835,2.7611397710000003,1.169671803,1.312636135,1.5733203119999999,2.931765734,1.762019056,3.0,0.211681177,0.767229174,0.25710127,0.187863522,1995.9336469999998,2.205925029,6.15e-05,0.11684453199999999,0.927441622,0.290946338,0.367857831,0.39353383700000005,0.258094049,0.41927916,0.027309869,0.47323770200000004,0.30324553600000004,0.610180033,0.7477137490000001,2002.659425,0.387488788,0.607250276,1982,0.09367042699999999,16.14785539,0.043546355,16.20307794,0.150117495,0.734617475,0.302468585,0.269354931,1997.670773,1.7531877980000001,0.001452641,18824
88,-1,d1b169fc-f0dc-e811-a2bd-c4346bcb1555,4.1700000000000005e+42,0.9894855220000001,2003.1320670000002,0.00142645,0.226263252,0.568052305,0.239704554,9.13e-05,1997.9237170000001,1.744987019,0.22199688899999998,0.75,0.235692636,0.942856921,0.356269526,0.18806935600000002,0.76769644,0.328790663,1.4609379080000002,1.229018036,1.222638712,2.563803344,1.116619748,2.6937657269999997,1.132886075,1.3393401040000001,1.6456920959999999,3.0,1.67582748,2.94300771,0.20715345899999998,0.7806356940000001,0.245364923,0.180299732,1995.5734699999998,2.061599802,5.6200000000000004e-05,0.103842548,0.92249022,0.295267235,0.327650881,0.39291357,0.25393373199999997,0.41029447399999996,0.033337112,0.466945599,0.322218114,0.616405069,0.719491722,2003.1111260000002,0.423947784,0.681251387,1982,0.08605961,15.97316092,0.04,16.01685277,0.147843416,0.7149391359999999,0.3426188,0.26086469100000004,1997.525666,1.8777460959999999,0.0013859279999999998,38427
89,-1,c593b456-f4dc-e811-a2bd-c4346bcb1555,4.1700000000000005e+42,0.9894855220000001,2003.1320670000002,0.00142645,0.226263252,0.568052305,0.239704554,9.13e-05,1997.9237170000001,1.744987019,0.22199688899999998,0.75,0.235692636,0.942856921,0.356269526,0.18806935600000002,0.76769644,0.328790663,1.4609379080000002,1.229018036,1.222638712,2.563803344,1.116619748,2.6937657269999997,1.132886075,1.3393401040000001,1.6456920959999999,3.0,1.67582748,2.94300771,0.20715345899999998,0.7806356940000001,0.245364923,0.180299732,1995.5734699999998,2.061599802,5.6200000000000004e-05,0.103842548,0.92249022,0.295267235,0.327650881,0.39291357,0.25393373199999997,0.41029447399999996,0.033337112,0.466945599,0.322218114,0.616405069,0.719491722,2003.1111260000002,0.423947784,0.681251387,1982,0.08605961,15.97316092,0.04,16.01685277,0.147843416,0.7149391359999999,0.3426188,0.26086469100000004,1997.525666,1.8777460959999999,0.0013859279999999998,57722
90,-1,febc327d-f8dc-e811-a2bd-c4346bcb1555,4.1700000000000005e+42,0.9894855220000001,2003.1320670000002,0.00142645,0.226263252,0.568052305,0.239704554,9.13e-05,1997.9237170000001,1.744987019,0.22199688899999998,0.75,0.235692636,0.942856921,0.356269526,0.18806935600000002,0.76769644,0.328790663,1.4609379080000002,1.229018036,1.222638712,2.563803344,1.116619748,2.6937657269999997,1.132886075,1.3393401040000001,1.6456920959999999,3.0,1.67582748,2.94300771,0.20715345899999998,0.7806356940000001,0.245364923,0.180299732,1995.5734699999998,2.061599802,5.6200000000000004e-05,0.103842548,0.92249022,0.295267235,0.327650881,0.39291357,0.25393373199999997,0.41029447399999996,0.033337112,0.466945599,0.322218114,0.616405069,0.719491722,2003.1111260000002,0.423947784,0.681251387,1982,0.08605961,15.97316092,0.04,16.01685277,0.147843416,0.7149391359999999,0.3426188,0.26086469100000004,1997.525666,1.8777460959999999,0.0013859279999999998,52188
91,-1,cfbbbd3b-fadc-e811-a2bd-c4346bcb1555,4.16e+42,1.0,2003.016889,0.001481259,0.221660656,0.567279235,0.231097422,9.13e-05,1998.644118,1.799147944,0.230488367,0.75,0.214078717,0.9380999729999999,0.365640964,0.192989725,0.762654665,0.35324969799999995,1.4538203619999999,1.0592585190000001,1.242880709,2.492049228,1.1348234529999999,2.856946807,1.110947813,1.368754031,1.665173981,2.948393194,1.730086437,2.959419136,0.209712072,0.785261565,0.248165247,0.190972478,1995.268105,2.2040657009999998,6.0899999999999996e-05,0.09713339,0.9258535309999999,0.323090749,0.361188226,0.408780241,0.25227301,0.414912619,0.034031918,0.445772836,0.322756202,0.639859877,0.737088271,2003.0770300000001,0.42809811200000003,0.694757815,1982,0.084297075,16.11044927,0.04,15.99596794,0.142999589,0.733587172,0.321260854,0.254614412,1997.846243,1.8931913530000002,0.001430045,10766
92,-1,af5f8931-f3dc-e811-a2bd-c4346bcb1555,4.16e+42,1.0,2003.016889,0.001481259,0.221660656,0.567279235,0.231097422,9.13e-05,1998.644118,1.799147944,0.230488367,0.75,0.214078717,0.9380999729999999,0.365640964,0.192989725,0.762654665,0.35324969799999995,1.4538203619999999,1.0592585190000001,1.242880709,2.492049228,1.1348234529999999,2.856946807,1.110947813,1.368754031,1.665173981,2.948393194,1.730086437,2.959419136,0.209712072,0.785261565,0.248165247,0.190972478,1995.268105,2.2040657009999998,6.0899999999999996e-05,0.09713339,0.9258535309999999,0.323090749,0.361188226,0.408780241,0.25227301,0.414912619,0.034031918,0.445772836,0.322756202,0.639859877,0.737088271,2003.0770300000001,0.42809811200000003,0.694757815,1982,0.084297075,16.11044927,0.04,15.99596794,0.142999589,0.733587172,0.321260854,0.254614412,1997.846243,1.8931913530000002,0.001430045,4475
93,-1,0ae988da-f6dc-e811-a2bd-c4346bcb1555,4.16e+42,1.0,2003.016889,0.001481259,0.221660656,0.567279235,0.231097422,9.13e-05,1998.644118,1.799147944,0.230488367,0.75,0.214078717,0.9380999729999999,0.365640964,0.192989725,0.762654665,0.35324969799999995,1.4538203619999999,1.0592585190000001,1.242880709,2.492049228,1.1348234529999999,2.856946807,1.110947813,1.368754031,1.665173981,2.948393194,1.730086437,2.959419136,0.209712072,0.785261565,0.248165247,0.190972478,1995.268105,2.2040657009999998,6.0899999999999996e-05,0.09713339,0.9258535309999999,0.323090749,0.361188226,0.408780241,0.25227301,0.414912619,0.034031918,0.445772836,0.322756202,0.639859877,0.737088271,2003.0770300000001,0.42809811200000003,0.694757815,1982,0.084297075,16.11044927,0.04,15.99596794,0.142999589,0.733587172,0.321260854,0.254614412,1997.846243,1.8931913530000002,0.001430045,33262
94,-1,0d312f18-30dc-e811-a2bd-c4346bcb1555,4.16e+42,1.0,2003.059022,0.001311922,0.23899326399999998,0.588010368,0.23236313100000003,0.00018729,1998.835163,1.665077132,0.230655738,0.75,0.209437764,0.95,0.36491243700000003,0.194350396,0.7627555140000001,0.359798219,1.544907183,1.364166286,1.184036874,2.585589519,1.117255451,2.678230487,1.086124189,1.367448454,1.6615138059999999,2.963743995,1.7383397580000002,3.0,0.202125649,0.779596208,0.257419309,0.186315698,1996.0583809999998,2.17259812,6.36e-05,0.135138146,0.93377869,0.29651184199999997,0.366881129,0.387745865,0.22367697,0.419843442,0.037634805,0.459253707,0.32800219399999997,0.624841003,0.8014116590000001,2002.315856,0.42478896200000005,0.628796848,1982,0.092348292,16.18528662,0.045901012000000005,15.90501701,0.154502854,0.7338202970000001,0.291725713,0.290499209,1997.490142,1.7892710809999999,0.0013185789999999998,56171
95,-1,67c95e62-34dc-e811-a2bd-c4346bcb1555,4.16e+42,1.0,2003.059022,0.001311922,0.23899326399999998,0.588010368,0.23236313100000003,0.00018729,1998.835163,1.665077132,0.230655738,0.75,0.209437764,0.95,0.36491243700000003,0.194350396,0.7627555140000001,0.359798219,1.544907183,1.364166286,1.184036874,2.585589519,1.117255451,2.678230487,1.086124189,1.367448454,1.6615138059999999,2.963743995,1.7383397580000002,3.0,0.202125649,0.779596208,0.257419309,0.186315698,1996.0583809999998,2.17259812,6.36e-05,0.135138146,0.93377869,0.29651184199999997,0.366881129,0.387745865,0.22367697,0.419843442,0.037634805,0.459253707,0.32800219399999997,0.624841003,0.8014116590000001,2002.315856,0.42478896200000005,0.628796848,1982,0.092348292,16.18528662,0.045901012000000005,15.90501701,0.154502854,0.7338202970000001,0.291725713,0.290499209,1997.490142,1.7892710809999999,0.0013185789999999998,53805
96,-1,e8fc82a6-38dc-e811-a2bd-c4346bcb1555,4.16e+42,1.0,2003.059022,0.001311922,0.23899326399999998,0.588010368,0.23236313100000003,0.00018729,1998.835163,1.665077132,0.230655738,0.75,0.209437764,0.95,0.36491243700000003,0.194350396,0.7627555140000001,0.359798219,1.544907183,1.364166286,1.184036874,2.585589519,1.117255451,2.678230487,1.086124189,1.367448454,1.6615138059999999,2.963743995,1.7383397580000002,3.0,0.202125649,0.779596208,0.257419309,0.186315698,1996.0583809999998,2.17259812,6.36e-05,0.135138146,0.93377869,0.29651184199999997,0.366881129,0.387745865,0.22367697,0.419843442,0.037634805,0.459253707,0.32800219399999997,0.624841003,0.8014116590000001,2002.315856,0.42478896200000005,0.628796848,1982,0.092348292,16.18528662,0.045901012000000005,15.90501701,0.154502854,0.7338202970000001,0.291725713,0.290499209,1997.490142,1.7892710809999999,0.0013185789999999998,17022
97,-1,2c0c8dc8-32dc-e811-a2bd-c4346bcb1555,4.16e+42,1.0,2003.189891,0.001301689,0.21245170300000002,0.6020219139999999,0.220943718,0.000134622,1998.5838789999998,1.873676846,0.22703461100000003,0.75,0.22259209100000002,0.944208989,0.35839598799999994,0.15620551300000002,0.777808333,0.349552853,1.5671318090000002,1.197917933,1.2839544109999999,2.529861594,1.100040191,2.716518855,1.12008272,1.337217319,1.623248711,3.0,1.719018908,2.918183871,0.20784203699999998,0.791765947,0.232391756,0.195248956,1996.2510129999998,2.1519495319999997,5.720000000000001e-05,0.098026882,0.916567997,0.306836364,0.35627105600000003,0.399169421,0.235011995,0.398968631,0.043233552,0.45294697700000003,0.329632023,0.681910797,0.745624605,2003.288725,0.397161951,0.667583603,1982,0.07343802599999999,16.01100936,0.048352929,16.09142014,0.131919396,0.717685635,0.294863816,0.291125285,1997.908189,1.780680564,0.001444566,51298
98,-1,ef400e39-37dc-e811-a2bd-c4346bcb1555,4.16e+42,1.0,2003.189891,0.001301689,0.21245170300000002,0.6020219139999999,0.220943718,0.000134622,1998.5838789999998,1.873676846,0.22703461100000003,0.75,0.22259209100000002,0.944208989,0.35839598799999994,0.15620551300000002,0.777808333,0.349552853,1.5671318090000002,1.197917933,1.2839544109999999,2.529861594,1.100040191,2.716518855,1.12008272,1.337217319,1.623248711,3.0,1.719018908,2.918183871,0.20784203699999998,0.791765947,0.232391756,0.195248956,1996.2510129999998,2.1519495319999997,5.720000000000001e-05,0.098026882,0.916567997,0.306836364,0.35627105600000003,0.399169421,0.235011995,0.398968631,0.043233552,0.45294697700000003,0.329632023,0.681910797,0.745624605,2003.288725,0.397161951,0.667583603,1982,0.07343802599999999,16.01100936,0.048352929,16.09142014,0.131919396,0.717685635,0.294863816,0.291125285,1997.908189,1.780680564,0.001444566,21439
99,-1,6251bee2-3bdc-e811-a2bd-c4346bcb1555,4.16e+42,1.0,2003.189891,0.001301689,0.21245170300000002,0.6020219139999999,0.220943718,0.000134622,1998.5838789999998,1.873676846,0.22703461100000003,0.75,0.22259209100000002,0.944208989,0.35839598799999994,0.15620551300000002,0.777808333,0.349552853,1.5671318090000002,1.197917933,1.2839544109999999,2.529861594,1.100040191,2.716518855,1.12008272,1.337217319,1.623248711,3.0,1.719018908,2.918183871,0.20784203699999998,0.791765947,0.232391756,0.195248956,1996.2510129999998,2.1519495319999997,5.720000000000001e-05,0.098026882,0.916567997,0.306836364,0.35627105600000003,0.399169421,0.235011995,0.398968631,0.043233552,0.45294697700000003,0.329632023,0.681910797,0.745624605,2003.288725,0.397161951,0.667583603,1982,0.07343802599999999,16.01100936,0.048352929,16.09142014,0.131919396,0.717685635,0.294863816,0.291125285,1997.908189,1.780680564,0.001444566,53509
100,-1,11ebab9c-f1dc-e811-a2bd-c4346bcb1555,4.15e+42,1.0,2003.063238,0.001398636,0.23219514600000002,0.5544812410000001,0.214459453,9.13e-05,1999.1796600000002,1.9384653319999998,0.228281058,0.75,0.212573392,0.947766452,0.36576546600000004,0.17707024600000001,0.761720602,0.35866479,1.562235085,1.293034598,1.245549407,2.528002547,1.0604192270000001,2.843972664,1.125262313,1.35670339,1.641501425,2.9683224839999998,1.7205840730000002,2.950775918,0.202792794,0.776047185,0.247664755,0.18515374399999998,1995.8821649999998,2.075908171,6.26e-05,0.113492218,0.928209932,0.29063569300000003,0.345351931,0.40614363600000003,0.26015092,0.41527176299999996,0.030817214,0.42522100799999996,0.326813673,0.612844782,0.7171686620000001,2003.160264,0.424107267,0.650582215,1982,0.09142715900000001,16.05804584,0.04016462,15.80718465,0.138792364,0.7298329440000001,0.31365154300000003,0.267743034,1998.26112,1.8989581780000002,0.001335944,16052
